anon_id,file,deps,note
S001,sources/S001.cpp,,
S002,sources/S002.cpp,,
S003,sources/S003.cpp,,
S004,sources/S004.cpp,,
S005,sources/S005.cpp,,
S006,sources/S006.cpp,,
S007,sources/S007.cpp,,
S008,sources/S008.cpp,,
S009,sources/S009.cpp,,
S010,sources/S010.cpp,,
S011,sources/S011.cpp,,
S012,sources/S012.cpp,,
S013,sources/S013.cpp,,
S014,sources/S014.cpp,,
S015,sources/S015.cpp,,
S016,sources/S016.cpp,S016_dep_c24a0d9d.h,
S017,sources/S017.cpp,,
S018,sources/S018.cpp,,
S019,sources/S019.cpp,,
S020,sources/S020.cpp,,
S021,sources/S021.cpp,,
S022,sources/S022.cpp,,
S023,sources/S023.cpp,,
S024,sources/S024.cpp,,
S025,sources/S025.cpp,,
S026,sources/S026.cpp,,
S027,sources/S027.cpp,,
S028,sources/S028.cpp,,
S029,sources/S029.cpp,,
S030,sources/S030.cpp,,
S031,sources/S031.cpp,,
S032,sources/S032.cpp,,
S033,sources/S033.cpp,,
S034,sources/S034.cpp,,
S035,sources/S035.cpp,,
S036,sources/S036.cpp,,
S037,sources/S037.cpp,,
S038,sources/S038.cpp,,
S039,sources/S039.cpp,,
S040,sources/S040.cpp,,
S041,sources/S041.cpp,,
S042,sources/S042.cpp,,
S043,sources/S043.cpp,,
S044,sources/S044.cpp,,
S045,sources/S045.cpp,,
S046,sources/S046.cpp,,
S047,sources/S047.cpp,,
S048,sources/S048.cpp,,
S049,sources/S049.cpp,,
S050,sources/S050.cpp,,
S051,sources/S051.cpp,,
S052,sources/S052.cpp,,
S053,sources/S053.cpp,,
S054,sources/S054.cpp,S054_dep_8d3367f6.h,
S055,sources/S055.cpp,,
S056,sources/S056.cpp,,
S057,sources/S057.cpp,,
S058,sources/S058.cpp,,
S059,sources/S059.cpp,,
S060,sources/S060.cpp,,
S061,sources/S061.cpp,,
S062,sources/S062.cpp,,
S063,sources/S063.cpp,,
S064,sources/S064.cpp,,
S065,sources/S065.cpp,,
S066,sources/S066.cpp,,
S067,sources/S067.cpp,,
S068,sources/S068.cpp,,
S069,sources/S069.cpp,,
S070,sources/S070.cpp,,
S071,sources/S071.cpp,,
S072,sources/S072.cpp,,
S073,sources/S073.cpp,,
S074,sources/S074.cpp,,
S075,sources/S075.cpp,,
S076,sources/S076.cpp,,
S077,sources/S077.cpp,,
S078,sources/S078.cpp,,
S079,sources/S079.cpp,,
S080,sources/S080.cpp,,
S081,sources/S081.cpp,,
S082,sources/S082.cpp,,
S083,sources/S083.cpp,,
S084,sources/S084.cpp,,
S085,sources/S085.cpp,,
S086,sources/S086.cpp,,
S087,sources/S087.cpp,,
S088,sources/S088.cpp,,
S089,sources/S089.cpp,,
S090,sources/S090.cpp,,
S091,sources/S091.cpp,,
S092,sources/S092.cpp,,
S093,sources/S093.cpp,,
S094,sources/S094.cpp,,
S095,sources/S095.cpp,,
S096,sources/S096.cpp,,
S097,sources/S097.cpp,,
S098,sources/S098.cpp,,
S099,sources/S099.cpp,,
S100,sources/S100.cpp,,
S101,sources/S101.cpp,,
S102,sources/S102.cpp,,
S103,sources/S103.cpp,,
S104,sources/S104.cpp,,
S105,sources/S105.cpp,,
S106,sources/S106.cpp,,
S107,sources/S107.cpp,,
S108,sources/S108.cpp,,
S109,sources/S109.cpp,,
S110,sources/S110.cpp,,
S111,sources/S111.cpp,,
S112,sources/S112.cpp,,
S113,sources/S113.cpp,,
S114,sources/S114.cpp,,
S115,sources/S115.cpp,,
S116,sources/S116.cpp,,
S117,sources/S117.cpp,,
S118,sources/S118.cpp,,
S119,sources/S119.cpp,,
S120,sources/S120.cpp,,
S121,sources/S121.cpp,,
S122,sources/S122.cpp,,
S123,sources/S123.cpp,,
S124,sources/S124.cpp,,
S125,sources/S125.cpp,,
S126,sources/S126.cpp,,
S127,sources/S127.cpp,,
S128,sources/S128.cpp,,
S129,sources/S129.cpp,,
S130,sources/S130.cpp,,
S131,sources/S131.cpp,,
S132,sources/S132.cpp,,
S133,sources/S133.cpp,,
S134,sources/S134.cpp,,
S135,sources/S135.cpp,,
S136,sources/S136.cpp,,
S137,sources/S137.cpp,,
S138,sources/S138.cpp,,
S139,sources/S139.cpp,,
S140,sources/S140.cpp,,
S141,sources/S141.cpp,,
S142,sources/S142.cpp,,
S143,sources/S143.cpp,,
S144,sources/S144.cpp,,
S145,sources/S145.cpp,,
