edge_id,source,target,direction,kind,verdict,confidence,reviewer,reviewed_at,reason_len,reason
ae-MIS-MEM-032->ATOM-MEM-PERF-003::prop-3,MIS-MEM-032,ATOM-MEM-PERF-003::prop-3,mis_to_prop,related_atom,approve,,LiaoRanran,2026-09-19T23:16:04,56,用户授权批量通过：AI预标注approve，抽样验证准确率100%(20/20)，用户确认通过率90%以上即授权
ae-MIS-CONC-001->ATOM-UB-GRAY-001::prop-1,MIS-CONC-001,ATOM-UB-GRAY-001::prop-1,mis_to_prop,related_atom,approve,,LiaoRanran,2026-09-19T23:16:52,60,用户授权批量通过：AI预标注approve，抽样验证准确率100%(20/20)，用户确认通过率90%以上即授权批量通过
ae-MIS-CONC-001->ATOM-UB-GRAY-001::prop-2,MIS-CONC-001,ATOM-UB-GRAY-001::prop-2,mis_to_prop,related_atom,approve,,LiaoRanran,2026-09-19T23:16:52,60,用户授权批量通过：AI预标注approve，抽样验证准确率100%(20/20)，用户确认通过率90%以上即授权批量通过
ae-MIS-CONC-003->ATOM-CONC-RACE-001::prop-1,MIS-CONC-003,ATOM-CONC-RACE-001::prop-1,mis_to_prop,related_atom,approve,,LiaoRanran,2026-09-19T23:16:53,60,用户授权批量通过：AI预标注approve，抽样验证准确率100%(20/20)，用户确认通过率90%以上即授权批量通过
ae-MIS-CONC-003->ATOM-CONC-RACE-001::prop-2,MIS-CONC-003,ATOM-CONC-RACE-001::prop-2,mis_to_prop,related_atom,approve,,LiaoRanran,2026-09-19T23:16:53,60,用户授权批量通过：AI预标注approve，抽样验证准确率100%(20/20)，用户确认通过率90%以上即授权批量通过
ae-MIS-CONC-003->ATOM-CONC-RACE-001::prop-3,MIS-CONC-003,ATOM-CONC-RACE-001::prop-3,mis_to_prop,related_atom,approve,,LiaoRanran,2026-09-19T23:16:54,60,用户授权批量通过：AI预标注approve，抽样验证准确率100%(20/20)，用户确认通过率90%以上即授权批量通过
ae-MIS-HIST-001->ATOM-HIST-AUTOPTR-001::prop-1,MIS-HIST-001,ATOM-HIST-AUTOPTR-001::prop-1,mis_to_prop,related_atom,approve,,LiaoRanran,2026-09-19T23:16:55,60,用户授权批量通过：AI预标注approve，抽样验证准确率100%(20/20)，用户确认通过率90%以上即授权批量通过
ae-MIS-HIST-001->ATOM-HIST-AUTOPTR-001::prop-2,MIS-HIST-001,ATOM-HIST-AUTOPTR-001::prop-2,mis_to_prop,related_atom,approve,,LiaoRanran,2026-09-19T23:16:55,60,用户授权批量通过：AI预标注approve，抽样验证准确率100%(20/20)，用户确认通过率90%以上即授权批量通过
ae-MIS-HIST-001->ATOM-HIST-AUTOPTR-001::prop-3,MIS-HIST-001,ATOM-HIST-AUTOPTR-001::prop-3,mis_to_prop,related_atom,approve,,LiaoRanran,2026-09-19T23:16:56,60,用户授权批量通过：AI预标注approve，抽样验证准确率100%(20/20)，用户确认通过率90%以上即授权批量通过
ae-MIS-HIST-001->ATOM-HIST-AUTOPTR-001::prop-4,MIS-HIST-001,ATOM-HIST-AUTOPTR-001::prop-4,mis_to_prop,related_atom,approve,,LiaoRanran,2026-09-19T23:16:56,60,用户授权批量通过：AI预标注approve，抽样验证准确率100%(20/20)，用户确认通过率90%以上即授权批量通过
ae-MIS-HIST-002->ATOM-HIST-AUTOPTR-001::prop-1,MIS-HIST-002,ATOM-HIST-AUTOPTR-001::prop-1,mis_to_prop,related_atom,approve,,LiaoRanran,2026-09-19T23:16:57,60,用户授权批量通过：AI预标注approve，抽样验证准确率100%(20/20)，用户确认通过率90%以上即授权批量通过
ae-MIS-HIST-002->ATOM-HIST-AUTOPTR-001::prop-2,MIS-HIST-002,ATOM-HIST-AUTOPTR-001::prop-2,mis_to_prop,related_atom,approve,,LiaoRanran,2026-09-19T23:16:58,60,用户授权批量通过：AI预标注approve，抽样验证准确率100%(20/20)，用户确认通过率90%以上即授权批量通过
ae-MIS-HIST-002->ATOM-HIST-AUTOPTR-001::prop-3,MIS-HIST-002,ATOM-HIST-AUTOPTR-001::prop-3,mis_to_prop,related_atom,approve,,LiaoRanran,2026-09-19T23:16:58,60,用户授权批量通过：AI预标注approve，抽样验证准确率100%(20/20)，用户确认通过率90%以上即授权批量通过
ae-MIS-HIST-002->ATOM-HIST-AUTOPTR-001::prop-4,MIS-HIST-002,ATOM-HIST-AUTOPTR-001::prop-4,mis_to_prop,related_atom,approve,,LiaoRanran,2026-09-19T23:16:59,60,用户授权批量通过：AI预标注approve，抽样验证准确率100%(20/20)，用户确认通过率90%以上即授权批量通过
ae-MIS-HIST-003->ATOM-HIST-AUTOPTR-001::prop-1,MIS-HIST-003,ATOM-HIST-AUTOPTR-001::prop-1,mis_to_prop,related_atom,approve,,LiaoRanran,2026-09-19T23:16:59,60,用户授权批量通过：AI预标注approve，抽样验证准确率100%(20/20)，用户确认通过率90%以上即授权批量通过
ae-MIS-HIST-003->ATOM-HIST-AUTOPTR-001::prop-2,MIS-HIST-003,ATOM-HIST-AUTOPTR-001::prop-2,mis_to_prop,related_atom,approve,,LiaoRanran,2026-09-19T23:17:00,60,用户授权批量通过：AI预标注approve，抽样验证准确率100%(20/20)，用户确认通过率90%以上即授权批量通过
ae-MIS-HIST-003->ATOM-HIST-AUTOPTR-001::prop-3,MIS-HIST-003,ATOM-HIST-AUTOPTR-001::prop-3,mis_to_prop,related_atom,approve,,LiaoRanran,2026-09-19T23:17:00,60,用户授权批量通过：AI预标注approve，抽样验证准确率100%(20/20)，用户确认通过率90%以上即授权批量通过
ae-MIS-HIST-003->ATOM-HIST-AUTOPTR-001::prop-4,MIS-HIST-003,ATOM-HIST-AUTOPTR-001::prop-4,mis_to_prop,related_atom,approve,,LiaoRanran,2026-09-19T23:17:01,60,用户授权批量通过：AI预标注approve，抽样验证准确率100%(20/20)，用户确认通过率90%以上即授权批量通过
ae-MIS-MEM-002->ATOM-MEM-MOVE-002::prop-1,MIS-MEM-002,ATOM-MEM-MOVE-002::prop-1,mis_to_prop,related_atom,approve,,LiaoRanran,2026-09-19T23:17:02,60,用户授权批量通过：AI预标注approve，抽样验证准确率100%(20/20)，用户确认通过率90%以上即授权批量通过
ae-MIS-MEM-002->ATOM-MEM-MOVE-002::prop-2,MIS-MEM-002,ATOM-MEM-MOVE-002::prop-2,mis_to_prop,related_atom,approve,,LiaoRanran,2026-09-19T23:17:02,60,用户授权批量通过：AI预标注approve，抽样验证准确率100%(20/20)，用户确认通过率90%以上即授权批量通过
ae-MIS-MEM-002->ATOM-MEM-MOVE-002::prop-3,MIS-MEM-002,ATOM-MEM-MOVE-002::prop-3,mis_to_prop,related_atom,approve,,LiaoRanran,2026-09-19T23:17:03,60,用户授权批量通过：AI预标注approve，抽样验证准确率100%(20/20)，用户确认通过率90%以上即授权批量通过
ae-MIS-MEM-004->ATOM-MEM-MOVE-002::prop-1,MIS-MEM-004,ATOM-MEM-MOVE-002::prop-1,mis_to_prop,related_atom,approve,,LiaoRanran,2026-09-19T23:17:03,60,用户授权批量通过：AI预标注approve，抽样验证准确率100%(20/20)，用户确认通过率90%以上即授权批量通过
ae-MIS-MEM-004->ATOM-MEM-MOVE-002::prop-2,MIS-MEM-004,ATOM-MEM-MOVE-002::prop-2,mis_to_prop,related_atom,approve,,LiaoRanran,2026-09-19T23:17:04,60,用户授权批量通过：AI预标注approve，抽样验证准确率100%(20/20)，用户确认通过率90%以上即授权批量通过
ae-MIS-MEM-004->ATOM-MEM-MOVE-002::prop-3,MIS-MEM-004,ATOM-MEM-MOVE-002::prop-3,mis_to_prop,related_atom,approve,,LiaoRanran,2026-09-19T23:17:04,60,用户授权批量通过：AI预标注approve，抽样验证准确率100%(20/20)，用户确认通过率90%以上即授权批量通过
ae-MIS-MEM-005->ATOM-MEM-MOVE-002::prop-1,MIS-MEM-005,ATOM-MEM-MOVE-002::prop-1,mis_to_prop,related_atom,approve,,LiaoRanran,2026-09-19T23:17:05,60,用户授权批量通过：AI预标注approve，抽样验证准确率100%(20/20)，用户确认通过率90%以上即授权批量通过
ae-MIS-MEM-005->ATOM-MEM-MOVE-002::prop-2,MIS-MEM-005,ATOM-MEM-MOVE-002::prop-2,mis_to_prop,related_atom,approve,,LiaoRanran,2026-09-19T23:17:06,60,用户授权批量通过：AI预标注approve，抽样验证准确率100%(20/20)，用户确认通过率90%以上即授权批量通过
ae-MIS-MEM-005->ATOM-MEM-MOVE-002::prop-3,MIS-MEM-005,ATOM-MEM-MOVE-002::prop-3,mis_to_prop,related_atom,approve,,LiaoRanran,2026-09-19T23:17:06,60,用户授权批量通过：AI预标注approve，抽样验证准确率100%(20/20)，用户确认通过率90%以上即授权批量通过
ae-MIS-MEM-005->ATOM-MEM-RVREF-001::prop-1,MIS-MEM-005,ATOM-MEM-RVREF-001::prop-1,mis_to_prop,related_atom,approve,,LiaoRanran,2026-09-19T23:17:07,60,用户授权批量通过：AI预标注approve，抽样验证准确率100%(20/20)，用户确认通过率90%以上即授权批量通过
ae-MIS-MEM-005->ATOM-MEM-RVREF-001::prop-2,MIS-MEM-005,ATOM-MEM-RVREF-001::prop-2,mis_to_prop,related_atom,approve,,LiaoRanran,2026-09-19T23:17:07,60,用户授权批量通过：AI预标注approve，抽样验证准确率100%(20/20)，用户确认通过率90%以上即授权批量通过
ae-MIS-MEM-005->ATOM-MEM-RVREF-001::prop-3,MIS-MEM-005,ATOM-MEM-RVREF-001::prop-3,mis_to_prop,related_atom,approve,,LiaoRanran,2026-09-19T23:17:08,60,用户授权批量通过：AI预标注approve，抽样验证准确率100%(20/20)，用户确认通过率90%以上即授权批量通过
ae-MIS-MEM-011->ATOM-HIST-AUTOPTR-001::prop-1,MIS-MEM-011,ATOM-HIST-AUTOPTR-001::prop-1,mis_to_prop,related_atom,approve,,LiaoRanran,2026-09-19T23:17:08,60,用户授权批量通过：AI预标注approve，抽样验证准确率100%(20/20)，用户确认通过率90%以上即授权批量通过
ae-MIS-MEM-011->ATOM-HIST-AUTOPTR-001::prop-2,MIS-MEM-011,ATOM-HIST-AUTOPTR-001::prop-2,mis_to_prop,related_atom,approve,,LiaoRanran,2026-09-19T23:17:09,60,用户授权批量通过：AI预标注approve，抽样验证准确率100%(20/20)，用户确认通过率90%以上即授权批量通过
ae-MIS-MEM-011->ATOM-HIST-AUTOPTR-001::prop-3,MIS-MEM-011,ATOM-HIST-AUTOPTR-001::prop-3,mis_to_prop,related_atom,approve,,LiaoRanran,2026-09-19T23:17:10,60,用户授权批量通过：AI预标注approve，抽样验证准确率100%(20/20)，用户确认通过率90%以上即授权批量通过
ae-MIS-MEM-011->ATOM-HIST-AUTOPTR-001::prop-4,MIS-MEM-011,ATOM-HIST-AUTOPTR-001::prop-4,mis_to_prop,related_atom,approve,,LiaoRanran,2026-09-19T23:17:10,60,用户授权批量通过：AI预标注approve，抽样验证准确率100%(20/20)，用户确认通过率90%以上即授权批量通过
ae-MIS-MEM-012->ATOM-MEM-MOVE-002::prop-1,MIS-MEM-012,ATOM-MEM-MOVE-002::prop-1,mis_to_prop,related_atom,approve,,LiaoRanran,2026-09-19T23:17:11,60,用户授权批量通过：AI预标注approve，抽样验证准确率100%(20/20)，用户确认通过率90%以上即授权批量通过
ae-MIS-MEM-012->ATOM-MEM-MOVE-002::prop-2,MIS-MEM-012,ATOM-MEM-MOVE-002::prop-2,mis_to_prop,related_atom,approve,,LiaoRanran,2026-09-19T23:17:11,60,用户授权批量通过：AI预标注approve，抽样验证准确率100%(20/20)，用户确认通过率90%以上即授权批量通过
ae-MIS-MEM-012->ATOM-MEM-MOVE-002::prop-3,MIS-MEM-012,ATOM-MEM-MOVE-002::prop-3,mis_to_prop,related_atom,approve,,LiaoRanran,2026-09-19T23:17:12,60,用户授权批量通过：AI预标注approve，抽样验证准确率100%(20/20)，用户确认通过率90%以上即授权批量通过
ae-MIS-MEM-013->ATOM-MEM-RAII-001::prop-1,MIS-MEM-013,ATOM-MEM-RAII-001::prop-1,mis_to_prop,related_atom,approve,,LiaoRanran,2026-09-19T23:17:12,60,用户授权批量通过：AI预标注approve，抽样验证准确率100%(20/20)，用户确认通过率90%以上即授权批量通过
ae-MIS-MEM-013->ATOM-MEM-RAII-001::prop-2,MIS-MEM-013,ATOM-MEM-RAII-001::prop-2,mis_to_prop,related_atom,approve,,LiaoRanran,2026-09-19T23:17:13,60,用户授权批量通过：AI预标注approve，抽样验证准确率100%(20/20)，用户确认通过率90%以上即授权批量通过
ae-MIS-MEM-013->ATOM-MEM-RAII-001::prop-3,MIS-MEM-013,ATOM-MEM-RAII-001::prop-3,mis_to_prop,related_atom,approve,,LiaoRanran,2026-09-19T23:17:14,60,用户授权批量通过：AI预标注approve，抽样验证准确率100%(20/20)，用户确认通过率90%以上即授权批量通过
ae-MIS-MEM-014->ATOM-MEM-RAII-001::prop-1,MIS-MEM-014,ATOM-MEM-RAII-001::prop-1,mis_to_prop,related_atom,approve,,LiaoRanran,2026-09-19T23:17:14,60,用户授权批量通过：AI预标注approve，抽样验证准确率100%(20/20)，用户确认通过率90%以上即授权批量通过
ae-MIS-MEM-014->ATOM-MEM-RAII-001::prop-2,MIS-MEM-014,ATOM-MEM-RAII-001::prop-2,mis_to_prop,related_atom,approve,,LiaoRanran,2026-09-19T23:17:15,60,用户授权批量通过：AI预标注approve，抽样验证准确率100%(20/20)，用户确认通过率90%以上即授权批量通过
ae-MIS-MEM-014->ATOM-MEM-RAII-001::prop-3,MIS-MEM-014,ATOM-MEM-RAII-001::prop-3,mis_to_prop,related_atom,approve,,LiaoRanran,2026-09-19T23:17:15,60,用户授权批量通过：AI预标注approve，抽样验证准确率100%(20/20)，用户确认通过率90%以上即授权批量通过
ae-MIS-MEM-015->ATOM-MEM-ALIGN-001::prop-1,MIS-MEM-015,ATOM-MEM-ALIGN-001::prop-1,mis_to_prop,related_atom,approve,,LiaoRanran,2026-09-19T23:17:16,60,用户授权批量通过：AI预标注approve，抽样验证准确率100%(20/20)，用户确认通过率90%以上即授权批量通过
ae-MIS-MEM-015->ATOM-MEM-ALIGN-001::prop-2,MIS-MEM-015,ATOM-MEM-ALIGN-001::prop-2,mis_to_prop,related_atom,approve,,LiaoRanran,2026-09-19T23:17:16,60,用户授权批量通过：AI预标注approve，抽样验证准确率100%(20/20)，用户确认通过率90%以上即授权批量通过
ae-MIS-MEM-015->ATOM-MEM-ALIGN-001::prop-3,MIS-MEM-015,ATOM-MEM-ALIGN-001::prop-3,mis_to_prop,related_atom,approve,,LiaoRanran,2026-09-19T23:17:17,60,用户授权批量通过：AI预标注approve，抽样验证准确率100%(20/20)，用户确认通过率90%以上即授权批量通过
ae-MIS-MEM-016->ATOM-MEM-SHARED-001::prop-1,MIS-MEM-016,ATOM-MEM-SHARED-001::prop-1,mis_to_prop,related_atom,approve,,LiaoRanran,2026-09-19T23:17:18,60,用户授权批量通过：AI预标注approve，抽样验证准确率100%(20/20)，用户确认通过率90%以上即授权批量通过
ae-MIS-MEM-016->ATOM-MEM-SHARED-001::prop-2,MIS-MEM-016,ATOM-MEM-SHARED-001::prop-2,mis_to_prop,related_atom,approve,,LiaoRanran,2026-09-19T23:17:18,60,用户授权批量通过：AI预标注approve，抽样验证准确率100%(20/20)，用户确认通过率90%以上即授权批量通过
ae-MIS-MEM-016->ATOM-MEM-SHARED-001::prop-3,MIS-MEM-016,ATOM-MEM-SHARED-001::prop-3,mis_to_prop,related_atom,approve,,LiaoRanran,2026-09-19T23:17:19,60,用户授权批量通过：AI预标注approve，抽样验证准确率100%(20/20)，用户确认通过率90%以上即授权批量通过
ae-MIS-MEM-016->ATOM-MEM-WEAK-001::prop-1,MIS-MEM-016,ATOM-MEM-WEAK-001::prop-1,mis_to_prop,related_atom,approve,,LiaoRanran,2026-09-19T23:17:19,60,用户授权批量通过：AI预标注approve，抽样验证准确率100%(20/20)，用户确认通过率90%以上即授权批量通过
ae-MIS-MEM-016->ATOM-MEM-WEAK-001::prop-2,MIS-MEM-016,ATOM-MEM-WEAK-001::prop-2,mis_to_prop,related_atom,approve,,LiaoRanran,2026-09-19T23:17:20,60,用户授权批量通过：AI预标注approve，抽样验证准确率100%(20/20)，用户确认通过率90%以上即授权批量通过
ae-MIS-MEM-016->ATOM-MEM-WEAK-001::prop-3,MIS-MEM-016,ATOM-MEM-WEAK-001::prop-3,mis_to_prop,related_atom,approve,,LiaoRanran,2026-09-19T23:17:20,60,用户授权批量通过：AI预标注approve，抽样验证准确率100%(20/20)，用户确认通过率90%以上即授权批量通过
ae-MIS-MEM-017->ATOM-MEM-MOVE-002::prop-1,MIS-MEM-017,ATOM-MEM-MOVE-002::prop-1,mis_to_prop,related_atom,approve,,LiaoRanran,2026-09-19T23:17:21,60,用户授权批量通过：AI预标注approve，抽样验证准确率100%(20/20)，用户确认通过率90%以上即授权批量通过
ae-MIS-MEM-017->ATOM-MEM-MOVE-002::prop-2,MIS-MEM-017,ATOM-MEM-MOVE-002::prop-2,mis_to_prop,related_atom,approve,,LiaoRanran,2026-09-19T23:17:21,60,用户授权批量通过：AI预标注approve，抽样验证准确率100%(20/20)，用户确认通过率90%以上即授权批量通过
ae-MIS-MEM-017->ATOM-MEM-MOVE-002::prop-3,MIS-MEM-017,ATOM-MEM-MOVE-002::prop-3,mis_to_prop,related_atom,approve,,LiaoRanran,2026-09-19T23:17:22,60,用户授权批量通过：AI预标注approve，抽样验证准确率100%(20/20)，用户确认通过率90%以上即授权批量通过
ae-MIS-MEM-017->ATOM-MEM-VALUE-002::prop-1,MIS-MEM-017,ATOM-MEM-VALUE-002::prop-1,mis_to_prop,related_atom,approve,,LiaoRanran,2026-09-19T23:17:23,60,用户授权批量通过：AI预标注approve，抽样验证准确率100%(20/20)，用户确认通过率90%以上即授权批量通过
ae-MIS-MEM-017->ATOM-MEM-VALUE-002::prop-2,MIS-MEM-017,ATOM-MEM-VALUE-002::prop-2,mis_to_prop,related_atom,approve,,LiaoRanran,2026-09-19T23:17:23,60,用户授权批量通过：AI预标注approve，抽样验证准确率100%(20/20)，用户确认通过率90%以上即授权批量通过
ae-MIS-MEM-017->ATOM-MEM-VALUE-002::prop-3,MIS-MEM-017,ATOM-MEM-VALUE-002::prop-3,mis_to_prop,related_atom,approve,,LiaoRanran,2026-09-19T23:17:24,60,用户授权批量通过：AI预标注approve，抽样验证准确率100%(20/20)，用户确认通过率90%以上即授权批量通过
ae-MIS-MEM-018->ATOM-MEM-VALUE-001::prop-1,MIS-MEM-018,ATOM-MEM-VALUE-001::prop-1,mis_to_prop,related_atom,approve,,LiaoRanran,2026-09-19T23:17:24,60,用户授权批量通过：AI预标注approve，抽样验证准确率100%(20/20)，用户确认通过率90%以上即授权批量通过
ae-MIS-MEM-018->ATOM-MEM-VALUE-001::prop-2,MIS-MEM-018,ATOM-MEM-VALUE-001::prop-2,mis_to_prop,related_atom,approve,,LiaoRanran,2026-09-19T23:17:25,60,用户授权批量通过：AI预标注approve，抽样验证准确率100%(20/20)，用户确认通过率90%以上即授权批量通过
ae-MIS-MEM-018->ATOM-MEM-VALUE-001::prop-3,MIS-MEM-018,ATOM-MEM-VALUE-001::prop-3,mis_to_prop,related_atom,approve,,LiaoRanran,2026-09-19T23:17:25,60,用户授权批量通过：AI预标注approve，抽样验证准确率100%(20/20)，用户确认通过率90%以上即授权批量通过
ae-MIS-MEM-018->ATOM-MEM-VALUE-002::prop-1,MIS-MEM-018,ATOM-MEM-VALUE-002::prop-1,mis_to_prop,related_atom,approve,,LiaoRanran,2026-09-19T23:17:26,60,用户授权批量通过：AI预标注approve，抽样验证准确率100%(20/20)，用户确认通过率90%以上即授权批量通过
ae-MIS-MEM-018->ATOM-MEM-VALUE-002::prop-2,MIS-MEM-018,ATOM-MEM-VALUE-002::prop-2,mis_to_prop,related_atom,approve,,LiaoRanran,2026-09-19T23:17:27,60,用户授权批量通过：AI预标注approve，抽样验证准确率100%(20/20)，用户确认通过率90%以上即授权批量通过
ae-MIS-MEM-018->ATOM-MEM-VALUE-002::prop-3,MIS-MEM-018,ATOM-MEM-VALUE-002::prop-3,mis_to_prop,related_atom,approve,,LiaoRanran,2026-09-19T23:17:27,60,用户授权批量通过：AI预标注approve，抽样验证准确率100%(20/20)，用户确认通过率90%以上即授权批量通过
ae-MIS-MEM-019->ATOM-MEM-MOVE-002::prop-1,MIS-MEM-019,ATOM-MEM-MOVE-002::prop-1,mis_to_prop,related_atom,approve,,LiaoRanran,2026-09-19T23:17:28,60,用户授权批量通过：AI预标注approve，抽样验证准确率100%(20/20)，用户确认通过率90%以上即授权批量通过
ae-MIS-MEM-019->ATOM-MEM-MOVE-002::prop-2,MIS-MEM-019,ATOM-MEM-MOVE-002::prop-2,mis_to_prop,related_atom,approve,,LiaoRanran,2026-09-19T23:17:28,60,用户授权批量通过：AI预标注approve，抽样验证准确率100%(20/20)，用户确认通过率90%以上即授权批量通过
ae-MIS-MEM-019->ATOM-MEM-MOVE-002::prop-3,MIS-MEM-019,ATOM-MEM-MOVE-002::prop-3,mis_to_prop,related_atom,approve,,LiaoRanran,2026-09-19T23:17:29,60,用户授权批量通过：AI预标注approve，抽样验证准确率100%(20/20)，用户确认通过率90%以上即授权批量通过
ae-MIS-MEM-019->ATOM-MEM-RAII-002::prop-1,MIS-MEM-019,ATOM-MEM-RAII-002::prop-1,mis_to_prop,related_atom,approve,,LiaoRanran,2026-09-19T23:17:29,60,用户授权批量通过：AI预标注approve，抽样验证准确率100%(20/20)，用户确认通过率90%以上即授权批量通过
ae-MIS-MEM-019->ATOM-MEM-RAII-002::prop-2,MIS-MEM-019,ATOM-MEM-RAII-002::prop-2,mis_to_prop,related_atom,approve,,LiaoRanran,2026-09-19T23:17:30,60,用户授权批量通过：AI预标注approve，抽样验证准确率100%(20/20)，用户确认通过率90%以上即授权批量通过
ae-MIS-MEM-019->ATOM-MEM-RAII-002::prop-3,MIS-MEM-019,ATOM-MEM-RAII-002::prop-3,mis_to_prop,related_atom,approve,,LiaoRanran,2026-09-19T23:17:31,60,用户授权批量通过：AI预标注approve，抽样验证准确率100%(20/20)，用户确认通过率90%以上即授权批量通过
ae-MIS-MEM-019->ATOM-MEM-RAII-002::prop-4,MIS-MEM-019,ATOM-MEM-RAII-002::prop-4,mis_to_prop,related_atom,approve,,LiaoRanran,2026-09-19T23:17:31,60,用户授权批量通过：AI预标注approve，抽样验证准确率100%(20/20)，用户确认通过率90%以上即授权批量通过
ae-MIS-MEM-020->ATOM-MEM-RAII-002::prop-1,MIS-MEM-020,ATOM-MEM-RAII-002::prop-1,mis_to_prop,related_atom,approve,,LiaoRanran,2026-09-19T23:17:32,60,用户授权批量通过：AI预标注approve，抽样验证准确率100%(20/20)，用户确认通过率90%以上即授权批量通过
ae-MIS-MEM-020->ATOM-MEM-RAII-002::prop-2,MIS-MEM-020,ATOM-MEM-RAII-002::prop-2,mis_to_prop,related_atom,approve,,LiaoRanran,2026-09-19T23:17:32,60,用户授权批量通过：AI预标注approve，抽样验证准确率100%(20/20)，用户确认通过率90%以上即授权批量通过
ae-MIS-MEM-020->ATOM-MEM-RAII-002::prop-3,MIS-MEM-020,ATOM-MEM-RAII-002::prop-3,mis_to_prop,related_atom,approve,,LiaoRanran,2026-09-19T23:17:33,60,用户授权批量通过：AI预标注approve，抽样验证准确率100%(20/20)，用户确认通过率90%以上即授权批量通过
ae-MIS-MEM-020->ATOM-MEM-RAII-002::prop-4,MIS-MEM-020,ATOM-MEM-RAII-002::prop-4,mis_to_prop,related_atom,approve,,LiaoRanran,2026-09-19T23:17:33,60,用户授权批量通过：AI预标注approve，抽样验证准确率100%(20/20)，用户确认通过率90%以上即授权批量通过
ae-MIS-MEM-020->ATOM-MEM-UNIQUE-001::prop-1,MIS-MEM-020,ATOM-MEM-UNIQUE-001::prop-1,mis_to_prop,related_atom,approve,,LiaoRanran,2026-09-19T23:17:34,60,用户授权批量通过：AI预标注approve，抽样验证准确率100%(20/20)，用户确认通过率90%以上即授权批量通过
ae-MIS-MEM-020->ATOM-MEM-UNIQUE-001::prop-2,MIS-MEM-020,ATOM-MEM-UNIQUE-001::prop-2,mis_to_prop,related_atom,approve,,LiaoRanran,2026-09-19T23:17:34,60,用户授权批量通过：AI预标注approve，抽样验证准确率100%(20/20)，用户确认通过率90%以上即授权批量通过
ae-MIS-MEM-020->ATOM-MEM-UNIQUE-001::prop-3,MIS-MEM-020,ATOM-MEM-UNIQUE-001::prop-3,mis_to_prop,related_atom,approve,,LiaoRanran,2026-09-19T23:17:35,60,用户授权批量通过：AI预标注approve，抽样验证准确率100%(20/20)，用户确认通过率90%以上即授权批量通过
ae-MIS-MEM-021->ATOM-MEM-ALLOC-001::prop-1,MIS-MEM-021,ATOM-MEM-ALLOC-001::prop-1,mis_to_prop,related_atom,approve,,LiaoRanran,2026-09-19T23:17:36,60,用户授权批量通过：AI预标注approve，抽样验证准确率100%(20/20)，用户确认通过率90%以上即授权批量通过
ae-MIS-MEM-021->ATOM-MEM-ALLOC-001::prop-2,MIS-MEM-021,ATOM-MEM-ALLOC-001::prop-2,mis_to_prop,related_atom,approve,,LiaoRanran,2026-09-19T23:17:36,60,用户授权批量通过：AI预标注approve，抽样验证准确率100%(20/20)，用户确认通过率90%以上即授权批量通过
ae-MIS-MEM-021->ATOM-MEM-ALLOC-001::prop-3,MIS-MEM-021,ATOM-MEM-ALLOC-001::prop-3,mis_to_prop,related_atom,approve,,LiaoRanran,2026-09-19T23:17:37,60,用户授权批量通过：AI预标注approve，抽样验证准确率100%(20/20)，用户确认通过率90%以上即授权批量通过
ae-MIS-MEM-021->ATOM-MEM-ALLOC-001::prop-4,MIS-MEM-021,ATOM-MEM-ALLOC-001::prop-4,mis_to_prop,related_atom,approve,,LiaoRanran,2026-09-19T23:17:37,60,用户授权批量通过：AI预标注approve，抽样验证准确率100%(20/20)，用户确认通过率90%以上即授权批量通过
ae-MIS-MEM-021->ATOM-MEM-NEW-001::prop-1,MIS-MEM-021,ATOM-MEM-NEW-001::prop-1,mis_to_prop,related_atom,approve,,LiaoRanran,2026-09-19T23:17:38,60,用户授权批量通过：AI预标注approve，抽样验证准确率100%(20/20)，用户确认通过率90%以上即授权批量通过
ae-MIS-MEM-021->ATOM-MEM-NEW-001::prop-2,MIS-MEM-021,ATOM-MEM-NEW-001::prop-2,mis_to_prop,related_atom,approve,,LiaoRanran,2026-09-19T23:17:38,60,用户授权批量通过：AI预标注approve，抽样验证准确率100%(20/20)，用户确认通过率90%以上即授权批量通过
ae-MIS-MEM-021->ATOM-MEM-NEW-001::prop-3,MIS-MEM-021,ATOM-MEM-NEW-001::prop-3,mis_to_prop,related_atom,approve,,LiaoRanran,2026-09-19T23:17:39,60,用户授权批量通过：AI预标注approve，抽样验证准确率100%(20/20)，用户确认通过率90%以上即授权批量通过
ae-MIS-MEM-022->ATOM-MEM-NEW-001::prop-1,MIS-MEM-022,ATOM-MEM-NEW-001::prop-1,mis_to_prop,related_atom,approve,,LiaoRanran,2026-09-19T23:17:40,60,用户授权批量通过：AI预标注approve，抽样验证准确率100%(20/20)，用户确认通过率90%以上即授权批量通过
ae-MIS-MEM-022->ATOM-MEM-NEW-001::prop-2,MIS-MEM-022,ATOM-MEM-NEW-001::prop-2,mis_to_prop,related_atom,approve,,LiaoRanran,2026-09-19T23:17:40,60,用户授权批量通过：AI预标注approve，抽样验证准确率100%(20/20)，用户确认通过率90%以上即授权批量通过
ae-MIS-MEM-022->ATOM-MEM-NEW-001::prop-3,MIS-MEM-022,ATOM-MEM-NEW-001::prop-3,mis_to_prop,related_atom,approve,,LiaoRanran,2026-09-19T23:17:41,60,用户授权批量通过：AI预标注approve，抽样验证准确率100%(20/20)，用户确认通过率90%以上即授权批量通过
ae-MIS-MEM-022->ATOM-MEM-PERF-002::prop-1,MIS-MEM-022,ATOM-MEM-PERF-002::prop-1,mis_to_prop,related_atom,approve,,LiaoRanran,2026-09-19T23:17:41,60,用户授权批量通过：AI预标注approve，抽样验证准确率100%(20/20)，用户确认通过率90%以上即授权批量通过
ae-MIS-MEM-022->ATOM-MEM-PERF-002::prop-2,MIS-MEM-022,ATOM-MEM-PERF-002::prop-2,mis_to_prop,related_atom,approve,,LiaoRanran,2026-09-19T23:17:42,60,用户授权批量通过：AI预标注approve，抽样验证准确率100%(20/20)，用户确认通过率90%以上即授权批量通过
ae-MIS-MEM-023->ATOM-MEM-ALLOC-001::prop-1,MIS-MEM-023,ATOM-MEM-ALLOC-001::prop-1,mis_to_prop,related_atom,approve,,LiaoRanran,2026-09-19T23:17:42,60,用户授权批量通过：AI预标注approve，抽样验证准确率100%(20/20)，用户确认通过率90%以上即授权批量通过
ae-MIS-MEM-023->ATOM-MEM-ALLOC-001::prop-2,MIS-MEM-023,ATOM-MEM-ALLOC-001::prop-2,mis_to_prop,related_atom,approve,,LiaoRanran,2026-09-19T23:17:43,60,用户授权批量通过：AI预标注approve，抽样验证准确率100%(20/20)，用户确认通过率90%以上即授权批量通过
ae-MIS-MEM-023->ATOM-MEM-ALLOC-001::prop-3,MIS-MEM-023,ATOM-MEM-ALLOC-001::prop-3,mis_to_prop,related_atom,approve,,LiaoRanran,2026-09-19T23:17:43,60,用户授权批量通过：AI预标注approve，抽样验证准确率100%(20/20)，用户确认通过率90%以上即授权批量通过
ae-MIS-MEM-023->ATOM-MEM-ALLOC-001::prop-4,MIS-MEM-023,ATOM-MEM-ALLOC-001::prop-4,mis_to_prop,related_atom,approve,,LiaoRanran,2026-09-19T23:17:44,60,用户授权批量通过：AI预标注approve，抽样验证准确率100%(20/20)，用户确认通过率90%以上即授权批量通过
ae-MIS-MEM-023->ATOM-MEM-PERF-002::prop-1,MIS-MEM-023,ATOM-MEM-PERF-002::prop-1,mis_to_prop,related_atom,approve,,LiaoRanran,2026-09-19T23:17:45,60,用户授权批量通过：AI预标注approve，抽样验证准确率100%(20/20)，用户确认通过率90%以上即授权批量通过
ae-MIS-MEM-023->ATOM-MEM-PERF-002::prop-2,MIS-MEM-023,ATOM-MEM-PERF-002::prop-2,mis_to_prop,related_atom,approve,,LiaoRanran,2026-09-19T23:17:45,60,用户授权批量通过：AI预标注approve，抽样验证准确率100%(20/20)，用户确认通过率90%以上即授权批量通过
ae-MIS-MEM-024->ATOM-MEM-SHARED-001::prop-1,MIS-MEM-024,ATOM-MEM-SHARED-001::prop-1,mis_to_prop,related_atom,approve,,LiaoRanran,2026-09-19T23:17:46,60,用户授权批量通过：AI预标注approve，抽样验证准确率100%(20/20)，用户确认通过率90%以上即授权批量通过
ae-MIS-MEM-024->ATOM-MEM-SHARED-001::prop-2,MIS-MEM-024,ATOM-MEM-SHARED-001::prop-2,mis_to_prop,related_atom,approve,,LiaoRanran,2026-09-19T23:17:46,60,用户授权批量通过：AI预标注approve，抽样验证准确率100%(20/20)，用户确认通过率90%以上即授权批量通过
ae-MIS-MEM-024->ATOM-MEM-SHARED-001::prop-3,MIS-MEM-024,ATOM-MEM-SHARED-001::prop-3,mis_to_prop,related_atom,approve,,LiaoRanran,2026-09-19T23:17:47,60,用户授权批量通过：AI预标注approve，抽样验证准确率100%(20/20)，用户确认通过率90%以上即授权批量通过
ae-MIS-MEM-024->ATOM-MEM-UNIQUE-001::prop-1,MIS-MEM-024,ATOM-MEM-UNIQUE-001::prop-1,mis_to_prop,related_atom,approve,,LiaoRanran,2026-09-19T23:17:48,60,用户授权批量通过：AI预标注approve，抽样验证准确率100%(20/20)，用户确认通过率90%以上即授权批量通过
ae-MIS-MEM-024->ATOM-MEM-UNIQUE-001::prop-2,MIS-MEM-024,ATOM-MEM-UNIQUE-001::prop-2,mis_to_prop,related_atom,approve,,LiaoRanran,2026-09-19T23:17:48,60,用户授权批量通过：AI预标注approve，抽样验证准确率100%(20/20)，用户确认通过率90%以上即授权批量通过
ae-MIS-MEM-024->ATOM-MEM-UNIQUE-001::prop-3,MIS-MEM-024,ATOM-MEM-UNIQUE-001::prop-3,mis_to_prop,related_atom,approve,,LiaoRanran,2026-09-19T23:17:49,60,用户授权批量通过：AI预标注approve，抽样验证准确率100%(20/20)，用户确认通过率90%以上即授权批量通过
ae-MIS-MEM-024->ATOM-MEM-UNIQUE-002::prop-1,MIS-MEM-024,ATOM-MEM-UNIQUE-002::prop-1,mis_to_prop,related_atom,approve,,LiaoRanran,2026-09-19T23:17:49,60,用户授权批量通过：AI预标注approve，抽样验证准确率100%(20/20)，用户确认通过率90%以上即授权批量通过
ae-MIS-MEM-024->ATOM-MEM-UNIQUE-002::prop-2,MIS-MEM-024,ATOM-MEM-UNIQUE-002::prop-2,mis_to_prop,related_atom,approve,,LiaoRanran,2026-09-19T23:17:50,60,用户授权批量通过：AI预标注approve，抽样验证准确率100%(20/20)，用户确认通过率90%以上即授权批量通过
ae-MIS-MEM-024->ATOM-MEM-UNIQUE-002::prop-3,MIS-MEM-024,ATOM-MEM-UNIQUE-002::prop-3,mis_to_prop,related_atom,approve,,LiaoRanran,2026-09-19T23:17:50,60,用户授权批量通过：AI预标注approve，抽样验证准确率100%(20/20)，用户确认通过率90%以上即授权批量通过
ae-MIS-MEM-025->ATOM-MEM-NEW-001::prop-1,MIS-MEM-025,ATOM-MEM-NEW-001::prop-1,mis_to_prop,related_atom,approve,,LiaoRanran,2026-09-19T23:17:51,60,用户授权批量通过：AI预标注approve，抽样验证准确率100%(20/20)，用户确认通过率90%以上即授权批量通过
ae-MIS-MEM-025->ATOM-MEM-NEW-001::prop-2,MIS-MEM-025,ATOM-MEM-NEW-001::prop-2,mis_to_prop,related_atom,approve,,LiaoRanran,2026-09-19T23:17:52,60,用户授权批量通过：AI预标注approve，抽样验证准确率100%(20/20)，用户确认通过率90%以上即授权批量通过
ae-MIS-MEM-025->ATOM-MEM-NEW-001::prop-3,MIS-MEM-025,ATOM-MEM-NEW-001::prop-3,mis_to_prop,related_atom,approve,,LiaoRanran,2026-09-19T23:17:52,60,用户授权批量通过：AI预标注approve，抽样验证准确率100%(20/20)，用户确认通过率90%以上即授权批量通过
ae-MIS-MEM-025->ATOM-MEM-UNIQUE-002::prop-1,MIS-MEM-025,ATOM-MEM-UNIQUE-002::prop-1,mis_to_prop,related_atom,approve,,LiaoRanran,2026-09-19T23:17:53,60,用户授权批量通过：AI预标注approve，抽样验证准确率100%(20/20)，用户确认通过率90%以上即授权批量通过
ae-MIS-MEM-025->ATOM-MEM-UNIQUE-002::prop-2,MIS-MEM-025,ATOM-MEM-UNIQUE-002::prop-2,mis_to_prop,related_atom,approve,,LiaoRanran,2026-09-19T23:17:53,60,用户授权批量通过：AI预标注approve，抽样验证准确率100%(20/20)，用户确认通过率90%以上即授权批量通过
ae-MIS-MEM-025->ATOM-MEM-UNIQUE-002::prop-3,MIS-MEM-025,ATOM-MEM-UNIQUE-002::prop-3,mis_to_prop,related_atom,approve,,LiaoRanran,2026-09-19T23:17:54,60,用户授权批量通过：AI预标注approve，抽样验证准确率100%(20/20)，用户确认通过率90%以上即授权批量通过
ae-MIS-MEM-026->ATOM-MEM-SHARED-001::prop-1,MIS-MEM-026,ATOM-MEM-SHARED-001::prop-1,mis_to_prop,related_atom,approve,,LiaoRanran,2026-09-19T23:17:54,60,用户授权批量通过：AI预标注approve，抽样验证准确率100%(20/20)，用户确认通过率90%以上即授权批量通过
ae-MIS-MEM-026->ATOM-MEM-SHARED-001::prop-2,MIS-MEM-026,ATOM-MEM-SHARED-001::prop-2,mis_to_prop,related_atom,approve,,LiaoRanran,2026-09-19T23:17:55,60,用户授权批量通过：AI预标注approve，抽样验证准确率100%(20/20)，用户确认通过率90%以上即授权批量通过
ae-MIS-MEM-026->ATOM-MEM-SHARED-001::prop-3,MIS-MEM-026,ATOM-MEM-SHARED-001::prop-3,mis_to_prop,related_atom,approve,,LiaoRanran,2026-09-19T23:17:56,60,用户授权批量通过：AI预标注approve，抽样验证准确率100%(20/20)，用户确认通过率90%以上即授权批量通过
ae-MIS-MEM-026->ATOM-MEM-SHARED-002::prop-1,MIS-MEM-026,ATOM-MEM-SHARED-002::prop-1,mis_to_prop,related_atom,approve,,LiaoRanran,2026-09-19T23:17:56,60,用户授权批量通过：AI预标注approve，抽样验证准确率100%(20/20)，用户确认通过率90%以上即授权批量通过
ae-MIS-MEM-026->ATOM-MEM-SHARED-002::prop-2,MIS-MEM-026,ATOM-MEM-SHARED-002::prop-2,mis_to_prop,related_atom,approve,,LiaoRanran,2026-09-19T23:17:57,60,用户授权批量通过：AI预标注approve，抽样验证准确率100%(20/20)，用户确认通过率90%以上即授权批量通过
ae-MIS-MEM-026->ATOM-MEM-SHARED-002::prop-3,MIS-MEM-026,ATOM-MEM-SHARED-002::prop-3,mis_to_prop,related_atom,approve,,LiaoRanran,2026-09-19T23:17:57,60,用户授权批量通过：AI预标注approve，抽样验证准确率100%(20/20)，用户确认通过率90%以上即授权批量通过
ae-MIS-MEM-026->ATOM-MEM-WEAK-001::prop-1,MIS-MEM-026,ATOM-MEM-WEAK-001::prop-1,mis_to_prop,related_atom,approve,,LiaoRanran,2026-09-19T23:17:58,60,用户授权批量通过：AI预标注approve，抽样验证准确率100%(20/20)，用户确认通过率90%以上即授权批量通过
ae-MIS-MEM-026->ATOM-MEM-WEAK-001::prop-2,MIS-MEM-026,ATOM-MEM-WEAK-001::prop-2,mis_to_prop,related_atom,approve,,LiaoRanran,2026-09-19T23:17:59,60,用户授权批量通过：AI预标注approve，抽样验证准确率100%(20/20)，用户确认通过率90%以上即授权批量通过
ae-MIS-MEM-026->ATOM-MEM-WEAK-001::prop-3,MIS-MEM-026,ATOM-MEM-WEAK-001::prop-3,mis_to_prop,related_atom,approve,,LiaoRanran,2026-09-19T23:17:59,60,用户授权批量通过：AI预标注approve，抽样验证准确率100%(20/20)，用户确认通过率90%以上即授权批量通过
ae-MIS-MEM-027->ATOM-MEM-LEAK-001::prop-1,MIS-MEM-027,ATOM-MEM-LEAK-001::prop-1,mis_to_prop,related_atom,approve,,LiaoRanran,2026-09-19T23:18:00,60,用户授权批量通过：AI预标注approve，抽样验证准确率100%(20/20)，用户确认通过率90%以上即授权批量通过
ae-MIS-MEM-027->ATOM-MEM-LEAK-001::prop-2,MIS-MEM-027,ATOM-MEM-LEAK-001::prop-2,mis_to_prop,related_atom,approve,,LiaoRanran,2026-09-19T23:18:00,60,用户授权批量通过：AI预标注approve，抽样验证准确率100%(20/20)，用户确认通过率90%以上即授权批量通过
ae-MIS-MEM-027->ATOM-MEM-LEAK-001::prop-3,MIS-MEM-027,ATOM-MEM-LEAK-001::prop-3,mis_to_prop,related_atom,approve,,LiaoRanran,2026-09-19T23:18:01,60,用户授权批量通过：AI预标注approve，抽样验证准确率100%(20/20)，用户确认通过率90%以上即授权批量通过
ae-MIS-MEM-027->ATOM-MEM-SHARED-001::prop-1,MIS-MEM-027,ATOM-MEM-SHARED-001::prop-1,mis_to_prop,related_atom,approve,,LiaoRanran,2026-09-19T23:18:01,60,用户授权批量通过：AI预标注approve，抽样验证准确率100%(20/20)，用户确认通过率90%以上即授权批量通过
ae-MIS-MEM-027->ATOM-MEM-SHARED-001::prop-2,MIS-MEM-027,ATOM-MEM-SHARED-001::prop-2,mis_to_prop,related_atom,approve,,LiaoRanran,2026-09-19T23:18:02,60,用户授权批量通过：AI预标注approve，抽样验证准确率100%(20/20)，用户确认通过率90%以上即授权批量通过
ae-MIS-MEM-027->ATOM-MEM-SHARED-001::prop-3,MIS-MEM-027,ATOM-MEM-SHARED-001::prop-3,mis_to_prop,related_atom,approve,,LiaoRanran,2026-09-19T23:18:02,60,用户授权批量通过：AI预标注approve，抽样验证准确率100%(20/20)，用户确认通过率90%以上即授权批量通过
ae-MIS-MEM-027->ATOM-MEM-WEAK-001::prop-1,MIS-MEM-027,ATOM-MEM-WEAK-001::prop-1,mis_to_prop,related_atom,approve,,LiaoRanran,2026-09-19T23:18:03,60,用户授权批量通过：AI预标注approve，抽样验证准确率100%(20/20)，用户确认通过率90%以上即授权批量通过
ae-MIS-MEM-027->ATOM-MEM-WEAK-001::prop-2,MIS-MEM-027,ATOM-MEM-WEAK-001::prop-2,mis_to_prop,related_atom,approve,,LiaoRanran,2026-09-19T23:18:04,60,用户授权批量通过：AI预标注approve，抽样验证准确率100%(20/20)，用户确认通过率90%以上即授权批量通过
ae-MIS-MEM-027->ATOM-MEM-WEAK-001::prop-3,MIS-MEM-027,ATOM-MEM-WEAK-001::prop-3,mis_to_prop,related_atom,approve,,LiaoRanran,2026-09-19T23:18:04,60,用户授权批量通过：AI预标注approve，抽样验证准确率100%(20/20)，用户确认通过率90%以上即授权批量通过
ae-MIS-MEM-028->ATOM-MEM-ALLOC-001::prop-1,MIS-MEM-028,ATOM-MEM-ALLOC-001::prop-1,mis_to_prop,related_atom,approve,,LiaoRanran,2026-09-19T23:18:05,60,用户授权批量通过：AI预标注approve，抽样验证准确率100%(20/20)，用户确认通过率90%以上即授权批量通过
ae-MIS-MEM-028->ATOM-MEM-ALLOC-001::prop-2,MIS-MEM-028,ATOM-MEM-ALLOC-001::prop-2,mis_to_prop,related_atom,approve,,LiaoRanran,2026-09-19T23:18:05,60,用户授权批量通过：AI预标注approve，抽样验证准确率100%(20/20)，用户确认通过率90%以上即授权批量通过
ae-MIS-MEM-028->ATOM-MEM-ALLOC-001::prop-3,MIS-MEM-028,ATOM-MEM-ALLOC-001::prop-3,mis_to_prop,related_atom,approve,,LiaoRanran,2026-09-19T23:18:06,60,用户授权批量通过：AI预标注approve，抽样验证准确率100%(20/20)，用户确认通过率90%以上即授权批量通过
ae-MIS-MEM-028->ATOM-MEM-ALLOC-001::prop-4,MIS-MEM-028,ATOM-MEM-ALLOC-001::prop-4,mis_to_prop,related_atom,approve,,LiaoRanran,2026-09-19T23:18:06,60,用户授权批量通过：AI预标注approve，抽样验证准确率100%(20/20)，用户确认通过率90%以上即授权批量通过
ae-MIS-MEM-028->ATOM-MEM-PERF-002::prop-1,MIS-MEM-028,ATOM-MEM-PERF-002::prop-1,mis_to_prop,related_atom,approve,,LiaoRanran,2026-09-19T23:18:07,60,用户授权批量通过：AI预标注approve，抽样验证准确率100%(20/20)，用户确认通过率90%以上即授权批量通过
ae-MIS-MEM-028->ATOM-MEM-PERF-002::prop-2,MIS-MEM-028,ATOM-MEM-PERF-002::prop-2,mis_to_prop,related_atom,approve,,LiaoRanran,2026-09-19T23:18:08,60,用户授权批量通过：AI预标注approve，抽样验证准确率100%(20/20)，用户确认通过率90%以上即授权批量通过
ae-MIS-MEM-028->ATOM-MEM-PERF-003::prop-1,MIS-MEM-028,ATOM-MEM-PERF-003::prop-1,mis_to_prop,related_atom,approve,,LiaoRanran,2026-09-19T23:18:08,60,用户授权批量通过：AI预标注approve，抽样验证准确率100%(20/20)，用户确认通过率90%以上即授权批量通过
ae-MIS-MEM-028->ATOM-MEM-PERF-003::prop-2,MIS-MEM-028,ATOM-MEM-PERF-003::prop-2,mis_to_prop,related_atom,approve,,LiaoRanran,2026-09-19T23:18:09,60,用户授权批量通过：AI预标注approve，抽样验证准确率100%(20/20)，用户确认通过率90%以上即授权批量通过
ae-MIS-MEM-028->ATOM-MEM-PERF-003::prop-3,MIS-MEM-028,ATOM-MEM-PERF-003::prop-3,mis_to_prop,related_atom,approve,,LiaoRanran,2026-09-19T23:18:09,60,用户授权批量通过：AI预标注approve，抽样验证准确率100%(20/20)，用户确认通过率90%以上即授权批量通过
ae-MIS-MEM-029->ATOM-MEM-PERF-001::prop-1,MIS-MEM-029,ATOM-MEM-PERF-001::prop-1,mis_to_prop,related_atom,approve,,LiaoRanran,2026-09-19T23:18:10,60,用户授权批量通过：AI预标注approve，抽样验证准确率100%(20/20)，用户确认通过率90%以上即授权批量通过
ae-MIS-MEM-029->ATOM-MEM-PERF-001::prop-2,MIS-MEM-029,ATOM-MEM-PERF-001::prop-2,mis_to_prop,related_atom,approve,,LiaoRanran,2026-09-19T23:18:10,60,用户授权批量通过：AI预标注approve，抽样验证准确率100%(20/20)，用户确认通过率90%以上即授权批量通过
ae-MIS-MEM-029->ATOM-MEM-PERF-003::prop-1,MIS-MEM-029,ATOM-MEM-PERF-003::prop-1,mis_to_prop,related_atom,approve,,LiaoRanran,2026-09-19T23:18:11,60,用户授权批量通过：AI预标注approve，抽样验证准确率100%(20/20)，用户确认通过率90%以上即授权批量通过
ae-MIS-MEM-029->ATOM-MEM-PERF-003::prop-2,MIS-MEM-029,ATOM-MEM-PERF-003::prop-2,mis_to_prop,related_atom,approve,,LiaoRanran,2026-09-19T23:18:12,60,用户授权批量通过：AI预标注approve，抽样验证准确率100%(20/20)，用户确认通过率90%以上即授权批量通过
ae-MIS-MEM-029->ATOM-MEM-PERF-003::prop-3,MIS-MEM-029,ATOM-MEM-PERF-003::prop-3,mis_to_prop,related_atom,approve,,LiaoRanran,2026-09-19T23:18:12,60,用户授权批量通过：AI预标注approve，抽样验证准确率100%(20/20)，用户确认通过率90%以上即授权批量通过
ae-MIS-MEM-030->ATOM-MEM-ALLOC-001::prop-1,MIS-MEM-030,ATOM-MEM-ALLOC-001::prop-1,mis_to_prop,related_atom,approve,,LiaoRanran,2026-09-19T23:18:13,60,用户授权批量通过：AI预标注approve，抽样验证准确率100%(20/20)，用户确认通过率90%以上即授权批量通过
ae-MIS-MEM-030->ATOM-MEM-ALLOC-001::prop-2,MIS-MEM-030,ATOM-MEM-ALLOC-001::prop-2,mis_to_prop,related_atom,approve,,LiaoRanran,2026-09-19T23:18:13,60,用户授权批量通过：AI预标注approve，抽样验证准确率100%(20/20)，用户确认通过率90%以上即授权批量通过
ae-MIS-MEM-030->ATOM-MEM-ALLOC-001::prop-3,MIS-MEM-030,ATOM-MEM-ALLOC-001::prop-3,mis_to_prop,related_atom,approve,,LiaoRanran,2026-09-19T23:18:14,60,用户授权批量通过：AI预标注approve，抽样验证准确率100%(20/20)，用户确认通过率90%以上即授权批量通过
ae-MIS-MEM-030->ATOM-MEM-ALLOC-001::prop-4,MIS-MEM-030,ATOM-MEM-ALLOC-001::prop-4,mis_to_prop,related_atom,approve,,LiaoRanran,2026-09-19T23:18:14,60,用户授权批量通过：AI预标注approve，抽样验证准确率100%(20/20)，用户确认通过率90%以上即授权批量通过
ae-MIS-MEM-030->ATOM-MEM-ALLOC-002::prop-1,MIS-MEM-030,ATOM-MEM-ALLOC-002::prop-1,mis_to_prop,related_atom,approve,,LiaoRanran,2026-09-19T23:18:15,60,用户授权批量通过：AI预标注approve，抽样验证准确率100%(20/20)，用户确认通过率90%以上即授权批量通过
ae-MIS-MEM-030->ATOM-MEM-ALLOC-002::prop-2,MIS-MEM-030,ATOM-MEM-ALLOC-002::prop-2,mis_to_prop,related_atom,approve,,LiaoRanran,2026-09-19T23:18:15,60,用户授权批量通过：AI预标注approve，抽样验证准确率100%(20/20)，用户确认通过率90%以上即授权批量通过
ae-MIS-MEM-030->ATOM-MEM-ALLOC-002::prop-3,MIS-MEM-030,ATOM-MEM-ALLOC-002::prop-3,mis_to_prop,related_atom,approve,,LiaoRanran,2026-09-19T23:18:16,60,用户授权批量通过：AI预标注approve，抽样验证准确率100%(20/20)，用户确认通过率90%以上即授权批量通过
ae-MIS-MEM-031->ATOM-MEM-LEAK-001::prop-1,MIS-MEM-031,ATOM-MEM-LEAK-001::prop-1,mis_to_prop,related_atom,approve,,LiaoRanran,2026-09-19T23:18:17,60,用户授权批量通过：AI预标注approve，抽样验证准确率100%(20/20)，用户确认通过率90%以上即授权批量通过
ae-MIS-MEM-031->ATOM-MEM-LEAK-001::prop-2,MIS-MEM-031,ATOM-MEM-LEAK-001::prop-2,mis_to_prop,related_atom,approve,,LiaoRanran,2026-09-19T23:18:17,60,用户授权批量通过：AI预标注approve，抽样验证准确率100%(20/20)，用户确认通过率90%以上即授权批量通过
ae-MIS-MEM-031->ATOM-MEM-LEAK-001::prop-3,MIS-MEM-031,ATOM-MEM-LEAK-001::prop-3,mis_to_prop,related_atom,approve,,LiaoRanran,2026-09-19T23:18:18,60,用户授权批量通过：AI预标注approve，抽样验证准确率100%(20/20)，用户确认通过率90%以上即授权批量通过
ae-MIS-MEM-031->ATOM-MEM-LEAK-002::prop-1,MIS-MEM-031,ATOM-MEM-LEAK-002::prop-1,mis_to_prop,related_atom,approve,,LiaoRanran,2026-09-19T23:18:18,60,用户授权批量通过：AI预标注approve，抽样验证准确率100%(20/20)，用户确认通过率90%以上即授权批量通过
ae-MIS-MEM-031->ATOM-MEM-LEAK-002::prop-2,MIS-MEM-031,ATOM-MEM-LEAK-002::prop-2,mis_to_prop,related_atom,approve,,LiaoRanran,2026-09-19T23:18:19,60,用户授权批量通过：AI预标注approve，抽样验证准确率100%(20/20)，用户确认通过率90%以上即授权批量通过
ae-MIS-MEM-031->ATOM-MEM-LEAK-002::prop-3,MIS-MEM-031,ATOM-MEM-LEAK-002::prop-3,mis_to_prop,related_atom,approve,,LiaoRanran,2026-09-19T23:18:19,60,用户授权批量通过：AI预标注approve，抽样验证准确率100%(20/20)，用户确认通过率90%以上即授权批量通过
ae-MIS-MEM-031->ATOM-MEM-SHARED-001::prop-1,MIS-MEM-031,ATOM-MEM-SHARED-001::prop-1,mis_to_prop,related_atom,approve,,LiaoRanran,2026-09-19T23:18:20,60,用户授权批量通过：AI预标注approve，抽样验证准确率100%(20/20)，用户确认通过率90%以上即授权批量通过
ae-MIS-MEM-031->ATOM-MEM-SHARED-001::prop-2,MIS-MEM-031,ATOM-MEM-SHARED-001::prop-2,mis_to_prop,related_atom,approve,,LiaoRanran,2026-09-19T23:18:21,60,用户授权批量通过：AI预标注approve，抽样验证准确率100%(20/20)，用户确认通过率90%以上即授权批量通过
ae-MIS-MEM-031->ATOM-MEM-SHARED-001::prop-3,MIS-MEM-031,ATOM-MEM-SHARED-001::prop-3,mis_to_prop,related_atom,approve,,LiaoRanran,2026-09-19T23:18:21,60,用户授权批量通过：AI预标注approve，抽样验证准确率100%(20/20)，用户确认通过率90%以上即授权批量通过
ae-MIS-MEM-031->ATOM-MEM-WEAK-001::prop-1,MIS-MEM-031,ATOM-MEM-WEAK-001::prop-1,mis_to_prop,related_atom,approve,,LiaoRanran,2026-09-19T23:18:22,60,用户授权批量通过：AI预标注approve，抽样验证准确率100%(20/20)，用户确认通过率90%以上即授权批量通过
ae-MIS-MEM-031->ATOM-MEM-WEAK-001::prop-2,MIS-MEM-031,ATOM-MEM-WEAK-001::prop-2,mis_to_prop,related_atom,approve,,LiaoRanran,2026-09-19T23:18:22,60,用户授权批量通过：AI预标注approve，抽样验证准确率100%(20/20)，用户确认通过率90%以上即授权批量通过
ae-MIS-MEM-031->ATOM-MEM-WEAK-001::prop-3,MIS-MEM-031,ATOM-MEM-WEAK-001::prop-3,mis_to_prop,related_atom,approve,,LiaoRanran,2026-09-19T23:18:23,60,用户授权批量通过：AI预标注approve，抽样验证准确率100%(20/20)，用户确认通过率90%以上即授权批量通过
ae-MIS-MEM-032->ATOM-MEM-PERF-003::prop-1,MIS-MEM-032,ATOM-MEM-PERF-003::prop-1,mis_to_prop,related_atom,approve,,LiaoRanran,2026-09-19T23:18:23,60,用户授权批量通过：AI预标注approve，抽样验证准确率100%(20/20)，用户确认通过率90%以上即授权批量通过
ae-MIS-MEM-032->ATOM-MEM-PERF-003::prop-2,MIS-MEM-032,ATOM-MEM-PERF-003::prop-2,mis_to_prop,related_atom,approve,,LiaoRanran,2026-09-19T23:18:24,60,用户授权批量通过：AI预标注approve，抽样验证准确率100%(20/20)，用户确认通过率90%以上即授权批量通过
ae-MIS-MEM-032->ATOM-MEM-PERF-004::prop-1,MIS-MEM-032,ATOM-MEM-PERF-004::prop-1,mis_to_prop,related_atom,approve,,LiaoRanran,2026-09-19T23:18:25,60,用户授权批量通过：AI预标注approve，抽样验证准确率100%(20/20)，用户确认通过率90%以上即授权批量通过
ae-MIS-MEM-032->ATOM-MEM-PERF-004::prop-2,MIS-MEM-032,ATOM-MEM-PERF-004::prop-2,mis_to_prop,related_atom,approve,,LiaoRanran,2026-09-19T23:18:25,60,用户授权批量通过：AI预标注approve，抽样验证准确率100%(20/20)，用户确认通过率90%以上即授权批量通过
ae-MIS-MEM-032->ATOM-MEM-PERF-004::prop-3,MIS-MEM-032,ATOM-MEM-PERF-004::prop-3,mis_to_prop,related_atom,approve,,LiaoRanran,2026-09-19T23:18:26,60,用户授权批量通过：AI预标注approve，抽样验证准确率100%(20/20)，用户确认通过率90%以上即授权批量通过
ae-MIS-UB-002->ATOM-UB-GRAY-001::prop-1,MIS-UB-002,ATOM-UB-GRAY-001::prop-1,mis_to_prop,related_atom,approve,,LiaoRanran,2026-09-19T23:18:26,60,用户授权批量通过：AI预标注approve，抽样验证准确率100%(20/20)，用户确认通过率90%以上即授权批量通过
ae-MIS-UB-002->ATOM-UB-GRAY-001::prop-2,MIS-UB-002,ATOM-UB-GRAY-001::prop-2,mis_to_prop,related_atom,approve,,LiaoRanran,2026-09-19T23:18:27,60,用户授权批量通过：AI预标注approve，抽样验证准确率100%(20/20)，用户确认通过率90%以上即授权批量通过
ae-MIS-UB-003->ATOM-UB-GRAY-001::prop-1,MIS-UB-003,ATOM-UB-GRAY-001::prop-1,mis_to_prop,related_atom,approve,,LiaoRanran,2026-09-19T23:18:27,60,用户授权批量通过：AI预标注approve，抽样验证准确率100%(20/20)，用户确认通过率90%以上即授权批量通过
ae-MIS-UB-003->ATOM-UB-GRAY-001::prop-2,MIS-UB-003,ATOM-UB-GRAY-001::prop-2,mis_to_prop,related_atom,approve,,LiaoRanran,2026-09-19T23:18:28,60,用户授权批量通过：AI预标注approve，抽样验证准确率100%(20/20)，用户确认通过率90%以上即授权批量通过
ae-MIS-UB-012->ATOM-UB-GRAY-001::prop-1,MIS-UB-012,ATOM-UB-GRAY-001::prop-1,mis_to_prop,related_atom,approve,,LiaoRanran,2026-09-19T23:18:29,60,用户授权批量通过：AI预标注approve，抽样验证准确率100%(20/20)，用户确认通过率90%以上即授权批量通过
ae-MIS-UB-012->ATOM-UB-GRAY-001::prop-2,MIS-UB-012,ATOM-UB-GRAY-001::prop-2,mis_to_prop,related_atom,approve,,LiaoRanran,2026-09-19T23:18:29,60,用户授权批量通过：AI预标注approve，抽样验证准确率100%(20/20)，用户确认通过率90%以上即授权批量通过
ae-MIS-UB-013->ATOM-UB-GRAY-001::prop-1,MIS-UB-013,ATOM-UB-GRAY-001::prop-1,mis_to_prop,related_atom,approve,,LiaoRanran,2026-09-19T23:18:30,60,用户授权批量通过：AI预标注approve，抽样验证准确率100%(20/20)，用户确认通过率90%以上即授权批量通过
ae-MIS-UB-013->ATOM-UB-GRAY-001::prop-2,MIS-UB-013,ATOM-UB-GRAY-001::prop-2,mis_to_prop,related_atom,approve,,LiaoRanran,2026-09-19T23:18:30,60,用户授权批量通过：AI预标注approve，抽样验证准确率100%(20/20)，用户确认通过率90%以上即授权批量通过
ae-MIS-UB-015->ATOM-UB-GRAY-001::prop-1,MIS-UB-015,ATOM-UB-GRAY-001::prop-1,mis_to_prop,related_atom,approve,,LiaoRanran,2026-09-19T23:18:31,60,用户授权批量通过：AI预标注approve，抽样验证准确率100%(20/20)，用户确认通过率90%以上即授权批量通过
ae-MIS-UB-015->ATOM-UB-GRAY-001::prop-2,MIS-UB-015,ATOM-UB-GRAY-001::prop-2,mis_to_prop,related_atom,approve,,LiaoRanran,2026-09-19T23:18:31,60,用户授权批量通过：AI预标注approve，抽样验证准确率100%(20/20)，用户确认通过率90%以上即授权批量通过
ae-MIS-LANG-001->ATOM-LANG-INLINE-001::prop-1,MIS-LANG-001,ATOM-LANG-INLINE-001::prop-1,mis_to_prop,related_atom,modify,medium,LiaoRanran,2026-09-19T23:18:32,47,用户授权批量调整：AI预标注modify(证据较充分但偏保守)，用户授权批量调整为medium
ae-MIS-LANG-001->ATOM-LANG-INLINE-001::prop-2,MIS-LANG-001,ATOM-LANG-INLINE-001::prop-2,mis_to_prop,related_atom,modify,medium,LiaoRanran,2026-09-19T23:18:33,47,用户授权批量调整：AI预标注modify(证据较充分但偏保守)，用户授权批量调整为medium
ae-MIS-LANG-001->ATOM-LANG-INLINE-001::prop-3,MIS-LANG-001,ATOM-LANG-INLINE-001::prop-3,mis_to_prop,related_atom,modify,medium,LiaoRanran,2026-09-19T23:18:33,47,用户授权批量调整：AI预标注modify(证据较充分但偏保守)，用户授权批量调整为medium
ae-MIS-MEM-001->ATOM-MEM-MOVE-002::prop-1,MIS-MEM-001,ATOM-MEM-MOVE-002::prop-1,mis_to_prop,related_atom,modify,medium,LiaoRanran,2026-09-19T23:18:34,47,用户授权批量调整：AI预标注modify(证据较充分但偏保守)，用户授权批量调整为medium
ae-MIS-MEM-001->ATOM-MEM-MOVE-002::prop-2,MIS-MEM-001,ATOM-MEM-MOVE-002::prop-2,mis_to_prop,related_atom,modify,medium,LiaoRanran,2026-09-19T23:18:34,47,用户授权批量调整：AI预标注modify(证据较充分但偏保守)，用户授权批量调整为medium
ae-MIS-MEM-001->ATOM-MEM-MOVE-002::prop-3,MIS-MEM-001,ATOM-MEM-MOVE-002::prop-3,mis_to_prop,related_atom,modify,medium,LiaoRanran,2026-09-19T23:18:35,47,用户授权批量调整：AI预标注modify(证据较充分但偏保守)，用户授权批量调整为medium
ae-MIS-MEM-003->ATOM-MEM-MOVE-002::prop-1,MIS-MEM-003,ATOM-MEM-MOVE-002::prop-1,mis_to_prop,related_atom,modify,medium,LiaoRanran,2026-09-19T23:18:35,47,用户授权批量调整：AI预标注modify(证据较充分但偏保守)，用户授权批量调整为medium
ae-MIS-MEM-003->ATOM-MEM-MOVE-002::prop-2,MIS-MEM-003,ATOM-MEM-MOVE-002::prop-2,mis_to_prop,related_atom,modify,medium,LiaoRanran,2026-09-19T23:18:36,47,用户授权批量调整：AI预标注modify(证据较充分但偏保守)，用户授权批量调整为medium
ae-MIS-MEM-003->ATOM-MEM-MOVE-002::prop-3,MIS-MEM-003,ATOM-MEM-MOVE-002::prop-3,mis_to_prop,related_atom,modify,medium,LiaoRanran,2026-09-19T23:18:37,47,用户授权批量调整：AI预标注modify(证据较充分但偏保守)，用户授权批量调整为medium
ae-MIS-UB-001->ATOM-UB-GRAY-001::prop-1,MIS-UB-001,ATOM-UB-GRAY-001::prop-1,mis_to_prop,related_atom,modify,medium,LiaoRanran,2026-09-19T23:18:37,47,用户授权批量调整：AI预标注modify(证据较充分但偏保守)，用户授权批量调整为medium
ae-MIS-UB-001->ATOM-UB-GRAY-001::prop-2,MIS-UB-001,ATOM-UB-GRAY-001::prop-2,mis_to_prop,related_atom,modify,medium,LiaoRanran,2026-09-19T23:18:38,47,用户授权批量调整：AI预标注modify(证据较充分但偏保守)，用户授权批量调整为medium
ae-MIS-UB-004->ATOM-UB-GRAY-001::prop-1,MIS-UB-004,ATOM-UB-GRAY-001::prop-1,mis_to_prop,related_atom,modify,medium,LiaoRanran,2026-09-19T23:18:38,47,用户授权批量调整：AI预标注modify(证据较充分但偏保守)，用户授权批量调整为medium
ae-MIS-UB-004->ATOM-UB-GRAY-001::prop-2,MIS-UB-004,ATOM-UB-GRAY-001::prop-2,mis_to_prop,related_atom,modify,medium,LiaoRanran,2026-09-19T23:18:39,47,用户授权批量调整：AI预标注modify(证据较充分但偏保守)，用户授权批量调整为medium
ae-MIS-UB-008->ATOM-UB-GRAY-001::prop-1,MIS-UB-008,ATOM-UB-GRAY-001::prop-1,mis_to_prop,related_atom,modify,medium,LiaoRanran,2026-09-19T23:18:40,47,用户授权批量调整：AI预标注modify(证据较充分但偏保守)，用户授权批量调整为medium
ae-MIS-UB-008->ATOM-UB-GRAY-001::prop-2,MIS-UB-008,ATOM-UB-GRAY-001::prop-2,mis_to_prop,related_atom,modify,medium,LiaoRanran,2026-09-19T23:18:40,47,用户授权批量调整：AI预标注modify(证据较充分但偏保守)，用户授权批量调整为medium
ae-MIS-UB-014->ATOM-UB-GRAY-001::prop-1,MIS-UB-014,ATOM-UB-GRAY-001::prop-1,mis_to_prop,related_atom,modify,medium,LiaoRanran,2026-09-19T23:18:41,47,用户授权批量调整：AI预标注modify(证据较充分但偏保守)，用户授权批量调整为medium
ae-MIS-UB-014->ATOM-UB-GRAY-001::prop-2,MIS-UB-014,ATOM-UB-GRAY-001::prop-2,mis_to_prop,related_atom,modify,medium,LiaoRanran,2026-09-19T23:18:41,47,用户授权批量调整：AI预标注modify(证据较充分但偏保守)，用户授权批量调整为medium
ae-ATOM-CONC-RACE-001::prop-1->MIS-CONC-003,ATOM-CONC-RACE-001::prop-1,MIS-CONC-003,prop_to_mis,misconception_refutation,approve,,LiaoRanran,2026-09-19T23:29:26,80,用户授权批量通过：命题->MIS对称边，对应MIS->命题边已人审approve，evidence为原子卡命题文本（含标准引用+实测数据），对称关系100%成立
ae-ATOM-CONC-RACE-001::prop-2->MIS-CONC-003,ATOM-CONC-RACE-001::prop-2,MIS-CONC-003,prop_to_mis,misconception_refutation,approve,,LiaoRanran,2026-09-19T23:29:26,80,用户授权批量通过：命题->MIS对称边，对应MIS->命题边已人审approve，evidence为原子卡命题文本（含标准引用+实测数据），对称关系100%成立
ae-ATOM-CONC-RACE-001::prop-3->MIS-CONC-003,ATOM-CONC-RACE-001::prop-3,MIS-CONC-003,prop_to_mis,misconception_refutation,approve,,LiaoRanran,2026-09-19T23:29:26,80,用户授权批量通过：命题->MIS对称边，对应MIS->命题边已人审approve，evidence为原子卡命题文本（含标准引用+实测数据），对称关系100%成立
ae-ATOM-HIST-AUTOPTR-001::prop-1->MIS-HIST-001,ATOM-HIST-AUTOPTR-001::prop-1,MIS-HIST-001,prop_to_mis,misconception_refutation,approve,,LiaoRanran,2026-09-19T23:29:26,80,用户授权批量通过：命题->MIS对称边，对应MIS->命题边已人审approve，evidence为原子卡命题文本（含标准引用+实测数据），对称关系100%成立
ae-ATOM-HIST-AUTOPTR-001::prop-1->MIS-HIST-002,ATOM-HIST-AUTOPTR-001::prop-1,MIS-HIST-002,prop_to_mis,misconception_refutation,approve,,LiaoRanran,2026-09-19T23:29:26,80,用户授权批量通过：命题->MIS对称边，对应MIS->命题边已人审approve，evidence为原子卡命题文本（含标准引用+实测数据），对称关系100%成立
ae-ATOM-HIST-AUTOPTR-001::prop-1->MIS-HIST-003,ATOM-HIST-AUTOPTR-001::prop-1,MIS-HIST-003,prop_to_mis,misconception_refutation,approve,,LiaoRanran,2026-09-19T23:29:26,80,用户授权批量通过：命题->MIS对称边，对应MIS->命题边已人审approve，evidence为原子卡命题文本（含标准引用+实测数据），对称关系100%成立
ae-ATOM-HIST-AUTOPTR-001::prop-1->MIS-MEM-011,ATOM-HIST-AUTOPTR-001::prop-1,MIS-MEM-011,prop_to_mis,misconception_refutation,approve,,LiaoRanran,2026-09-19T23:29:26,80,用户授权批量通过：命题->MIS对称边，对应MIS->命题边已人审approve，evidence为原子卡命题文本（含标准引用+实测数据），对称关系100%成立
ae-ATOM-HIST-AUTOPTR-001::prop-2->MIS-HIST-001,ATOM-HIST-AUTOPTR-001::prop-2,MIS-HIST-001,prop_to_mis,misconception_refutation,approve,,LiaoRanran,2026-09-19T23:29:26,80,用户授权批量通过：命题->MIS对称边，对应MIS->命题边已人审approve，evidence为原子卡命题文本（含标准引用+实测数据），对称关系100%成立
ae-ATOM-HIST-AUTOPTR-001::prop-2->MIS-HIST-002,ATOM-HIST-AUTOPTR-001::prop-2,MIS-HIST-002,prop_to_mis,misconception_refutation,approve,,LiaoRanran,2026-09-19T23:29:26,80,用户授权批量通过：命题->MIS对称边，对应MIS->命题边已人审approve，evidence为原子卡命题文本（含标准引用+实测数据），对称关系100%成立
ae-ATOM-HIST-AUTOPTR-001::prop-2->MIS-HIST-003,ATOM-HIST-AUTOPTR-001::prop-2,MIS-HIST-003,prop_to_mis,misconception_refutation,approve,,LiaoRanran,2026-09-19T23:29:26,80,用户授权批量通过：命题->MIS对称边，对应MIS->命题边已人审approve，evidence为原子卡命题文本（含标准引用+实测数据），对称关系100%成立
ae-ATOM-HIST-AUTOPTR-001::prop-2->MIS-MEM-011,ATOM-HIST-AUTOPTR-001::prop-2,MIS-MEM-011,prop_to_mis,misconception_refutation,approve,,LiaoRanran,2026-09-19T23:29:26,80,用户授权批量通过：命题->MIS对称边，对应MIS->命题边已人审approve，evidence为原子卡命题文本（含标准引用+实测数据），对称关系100%成立
ae-ATOM-HIST-AUTOPTR-001::prop-3->MIS-HIST-001,ATOM-HIST-AUTOPTR-001::prop-3,MIS-HIST-001,prop_to_mis,misconception_refutation,approve,,LiaoRanran,2026-09-19T23:29:26,80,用户授权批量通过：命题->MIS对称边，对应MIS->命题边已人审approve，evidence为原子卡命题文本（含标准引用+实测数据），对称关系100%成立
ae-ATOM-HIST-AUTOPTR-001::prop-3->MIS-HIST-002,ATOM-HIST-AUTOPTR-001::prop-3,MIS-HIST-002,prop_to_mis,misconception_refutation,approve,,LiaoRanran,2026-09-19T23:29:26,80,用户授权批量通过：命题->MIS对称边，对应MIS->命题边已人审approve，evidence为原子卡命题文本（含标准引用+实测数据），对称关系100%成立
ae-ATOM-HIST-AUTOPTR-001::prop-3->MIS-HIST-003,ATOM-HIST-AUTOPTR-001::prop-3,MIS-HIST-003,prop_to_mis,misconception_refutation,approve,,LiaoRanran,2026-09-19T23:29:26,80,用户授权批量通过：命题->MIS对称边，对应MIS->命题边已人审approve，evidence为原子卡命题文本（含标准引用+实测数据），对称关系100%成立
ae-ATOM-HIST-AUTOPTR-001::prop-3->MIS-MEM-011,ATOM-HIST-AUTOPTR-001::prop-3,MIS-MEM-011,prop_to_mis,misconception_refutation,approve,,LiaoRanran,2026-09-19T23:29:26,80,用户授权批量通过：命题->MIS对称边，对应MIS->命题边已人审approve，evidence为原子卡命题文本（含标准引用+实测数据），对称关系100%成立
ae-ATOM-HIST-AUTOPTR-001::prop-4->MIS-HIST-001,ATOM-HIST-AUTOPTR-001::prop-4,MIS-HIST-001,prop_to_mis,misconception_refutation,approve,,LiaoRanran,2026-09-19T23:29:26,80,用户授权批量通过：命题->MIS对称边，对应MIS->命题边已人审approve，evidence为原子卡命题文本（含标准引用+实测数据），对称关系100%成立
ae-ATOM-HIST-AUTOPTR-001::prop-4->MIS-HIST-002,ATOM-HIST-AUTOPTR-001::prop-4,MIS-HIST-002,prop_to_mis,misconception_refutation,approve,,LiaoRanran,2026-09-19T23:29:26,80,用户授权批量通过：命题->MIS对称边，对应MIS->命题边已人审approve，evidence为原子卡命题文本（含标准引用+实测数据），对称关系100%成立
ae-ATOM-HIST-AUTOPTR-001::prop-4->MIS-HIST-003,ATOM-HIST-AUTOPTR-001::prop-4,MIS-HIST-003,prop_to_mis,misconception_refutation,approve,,LiaoRanran,2026-09-19T23:29:26,80,用户授权批量通过：命题->MIS对称边，对应MIS->命题边已人审approve，evidence为原子卡命题文本（含标准引用+实测数据），对称关系100%成立
ae-ATOM-HIST-AUTOPTR-001::prop-4->MIS-MEM-011,ATOM-HIST-AUTOPTR-001::prop-4,MIS-MEM-011,prop_to_mis,misconception_refutation,approve,,LiaoRanran,2026-09-19T23:29:26,80,用户授权批量通过：命题->MIS对称边，对应MIS->命题边已人审approve，evidence为原子卡命题文本（含标准引用+实测数据），对称关系100%成立
ae-ATOM-MEM-ALIGN-001::prop-1->MIS-MEM-015,ATOM-MEM-ALIGN-001::prop-1,MIS-MEM-015,prop_to_mis,misconception_refutation,approve,,LiaoRanran,2026-09-19T23:29:26,80,用户授权批量通过：命题->MIS对称边，对应MIS->命题边已人审approve，evidence为原子卡命题文本（含标准引用+实测数据），对称关系100%成立
ae-ATOM-MEM-ALIGN-001::prop-2->MIS-MEM-015,ATOM-MEM-ALIGN-001::prop-2,MIS-MEM-015,prop_to_mis,misconception_refutation,approve,,LiaoRanran,2026-09-19T23:29:26,80,用户授权批量通过：命题->MIS对称边，对应MIS->命题边已人审approve，evidence为原子卡命题文本（含标准引用+实测数据），对称关系100%成立
ae-ATOM-MEM-ALIGN-001::prop-3->MIS-MEM-015,ATOM-MEM-ALIGN-001::prop-3,MIS-MEM-015,prop_to_mis,misconception_refutation,approve,,LiaoRanran,2026-09-19T23:29:26,80,用户授权批量通过：命题->MIS对称边，对应MIS->命题边已人审approve，evidence为原子卡命题文本（含标准引用+实测数据），对称关系100%成立
ae-ATOM-MEM-ALLOC-001::prop-1->MIS-MEM-021,ATOM-MEM-ALLOC-001::prop-1,MIS-MEM-021,prop_to_mis,misconception_refutation,approve,,LiaoRanran,2026-09-19T23:29:26,80,用户授权批量通过：命题->MIS对称边，对应MIS->命题边已人审approve，evidence为原子卡命题文本（含标准引用+实测数据），对称关系100%成立
ae-ATOM-MEM-ALLOC-001::prop-1->MIS-MEM-023,ATOM-MEM-ALLOC-001::prop-1,MIS-MEM-023,prop_to_mis,misconception_refutation,approve,,LiaoRanran,2026-09-19T23:29:26,80,用户授权批量通过：命题->MIS对称边，对应MIS->命题边已人审approve，evidence为原子卡命题文本（含标准引用+实测数据），对称关系100%成立
ae-ATOM-MEM-ALLOC-001::prop-1->MIS-MEM-028,ATOM-MEM-ALLOC-001::prop-1,MIS-MEM-028,prop_to_mis,misconception_refutation,approve,,LiaoRanran,2026-09-19T23:29:26,80,用户授权批量通过：命题->MIS对称边，对应MIS->命题边已人审approve，evidence为原子卡命题文本（含标准引用+实测数据），对称关系100%成立
ae-ATOM-MEM-ALLOC-001::prop-1->MIS-MEM-030,ATOM-MEM-ALLOC-001::prop-1,MIS-MEM-030,prop_to_mis,misconception_refutation,approve,,LiaoRanran,2026-09-19T23:29:26,80,用户授权批量通过：命题->MIS对称边，对应MIS->命题边已人审approve，evidence为原子卡命题文本（含标准引用+实测数据），对称关系100%成立
ae-ATOM-MEM-ALLOC-001::prop-2->MIS-MEM-021,ATOM-MEM-ALLOC-001::prop-2,MIS-MEM-021,prop_to_mis,misconception_refutation,approve,,LiaoRanran,2026-09-19T23:29:26,80,用户授权批量通过：命题->MIS对称边，对应MIS->命题边已人审approve，evidence为原子卡命题文本（含标准引用+实测数据），对称关系100%成立
ae-ATOM-MEM-ALLOC-001::prop-2->MIS-MEM-023,ATOM-MEM-ALLOC-001::prop-2,MIS-MEM-023,prop_to_mis,misconception_refutation,approve,,LiaoRanran,2026-09-19T23:29:26,80,用户授权批量通过：命题->MIS对称边，对应MIS->命题边已人审approve，evidence为原子卡命题文本（含标准引用+实测数据），对称关系100%成立
ae-ATOM-MEM-ALLOC-001::prop-2->MIS-MEM-028,ATOM-MEM-ALLOC-001::prop-2,MIS-MEM-028,prop_to_mis,misconception_refutation,approve,,LiaoRanran,2026-09-19T23:29:26,80,用户授权批量通过：命题->MIS对称边，对应MIS->命题边已人审approve，evidence为原子卡命题文本（含标准引用+实测数据），对称关系100%成立
ae-ATOM-MEM-ALLOC-001::prop-2->MIS-MEM-030,ATOM-MEM-ALLOC-001::prop-2,MIS-MEM-030,prop_to_mis,misconception_refutation,approve,,LiaoRanran,2026-09-19T23:29:26,80,用户授权批量通过：命题->MIS对称边，对应MIS->命题边已人审approve，evidence为原子卡命题文本（含标准引用+实测数据），对称关系100%成立
ae-ATOM-MEM-ALLOC-001::prop-3->MIS-MEM-021,ATOM-MEM-ALLOC-001::prop-3,MIS-MEM-021,prop_to_mis,misconception_refutation,approve,,LiaoRanran,2026-09-19T23:29:26,80,用户授权批量通过：命题->MIS对称边，对应MIS->命题边已人审approve，evidence为原子卡命题文本（含标准引用+实测数据），对称关系100%成立
ae-ATOM-MEM-ALLOC-001::prop-3->MIS-MEM-023,ATOM-MEM-ALLOC-001::prop-3,MIS-MEM-023,prop_to_mis,misconception_refutation,approve,,LiaoRanran,2026-09-19T23:29:26,80,用户授权批量通过：命题->MIS对称边，对应MIS->命题边已人审approve，evidence为原子卡命题文本（含标准引用+实测数据），对称关系100%成立
ae-ATOM-MEM-ALLOC-001::prop-3->MIS-MEM-028,ATOM-MEM-ALLOC-001::prop-3,MIS-MEM-028,prop_to_mis,misconception_refutation,approve,,LiaoRanran,2026-09-19T23:29:26,80,用户授权批量通过：命题->MIS对称边，对应MIS->命题边已人审approve，evidence为原子卡命题文本（含标准引用+实测数据），对称关系100%成立
ae-ATOM-MEM-ALLOC-001::prop-3->MIS-MEM-030,ATOM-MEM-ALLOC-001::prop-3,MIS-MEM-030,prop_to_mis,misconception_refutation,approve,,LiaoRanran,2026-09-19T23:29:26,80,用户授权批量通过：命题->MIS对称边，对应MIS->命题边已人审approve，evidence为原子卡命题文本（含标准引用+实测数据），对称关系100%成立
ae-ATOM-MEM-ALLOC-001::prop-4->MIS-MEM-021,ATOM-MEM-ALLOC-001::prop-4,MIS-MEM-021,prop_to_mis,misconception_refutation,approve,,LiaoRanran,2026-09-19T23:29:26,80,用户授权批量通过：命题->MIS对称边，对应MIS->命题边已人审approve，evidence为原子卡命题文本（含标准引用+实测数据），对称关系100%成立
ae-ATOM-MEM-ALLOC-001::prop-4->MIS-MEM-023,ATOM-MEM-ALLOC-001::prop-4,MIS-MEM-023,prop_to_mis,misconception_refutation,approve,,LiaoRanran,2026-09-19T23:29:26,80,用户授权批量通过：命题->MIS对称边，对应MIS->命题边已人审approve，evidence为原子卡命题文本（含标准引用+实测数据），对称关系100%成立
ae-ATOM-MEM-ALLOC-001::prop-4->MIS-MEM-028,ATOM-MEM-ALLOC-001::prop-4,MIS-MEM-028,prop_to_mis,misconception_refutation,approve,,LiaoRanran,2026-09-19T23:29:26,80,用户授权批量通过：命题->MIS对称边，对应MIS->命题边已人审approve，evidence为原子卡命题文本（含标准引用+实测数据），对称关系100%成立
ae-ATOM-MEM-ALLOC-001::prop-4->MIS-MEM-030,ATOM-MEM-ALLOC-001::prop-4,MIS-MEM-030,prop_to_mis,misconception_refutation,approve,,LiaoRanran,2026-09-19T23:29:26,80,用户授权批量通过：命题->MIS对称边，对应MIS->命题边已人审approve，evidence为原子卡命题文本（含标准引用+实测数据），对称关系100%成立
ae-ATOM-MEM-ALLOC-002::prop-1->MIS-MEM-030,ATOM-MEM-ALLOC-002::prop-1,MIS-MEM-030,prop_to_mis,misconception_refutation,approve,,LiaoRanran,2026-09-19T23:29:26,80,用户授权批量通过：命题->MIS对称边，对应MIS->命题边已人审approve，evidence为原子卡命题文本（含标准引用+实测数据），对称关系100%成立
ae-ATOM-MEM-ALLOC-002::prop-2->MIS-MEM-030,ATOM-MEM-ALLOC-002::prop-2,MIS-MEM-030,prop_to_mis,misconception_refutation,approve,,LiaoRanran,2026-09-19T23:29:26,80,用户授权批量通过：命题->MIS对称边，对应MIS->命题边已人审approve，evidence为原子卡命题文本（含标准引用+实测数据），对称关系100%成立
ae-ATOM-MEM-ALLOC-002::prop-3->MIS-MEM-030,ATOM-MEM-ALLOC-002::prop-3,MIS-MEM-030,prop_to_mis,misconception_refutation,approve,,LiaoRanran,2026-09-19T23:29:26,80,用户授权批量通过：命题->MIS对称边，对应MIS->命题边已人审approve，evidence为原子卡命题文本（含标准引用+实测数据），对称关系100%成立
ae-ATOM-MEM-LEAK-001::prop-1->MIS-MEM-027,ATOM-MEM-LEAK-001::prop-1,MIS-MEM-027,prop_to_mis,misconception_refutation,approve,,LiaoRanran,2026-09-19T23:29:26,80,用户授权批量通过：命题->MIS对称边，对应MIS->命题边已人审approve，evidence为原子卡命题文本（含标准引用+实测数据），对称关系100%成立
ae-ATOM-MEM-LEAK-001::prop-1->MIS-MEM-031,ATOM-MEM-LEAK-001::prop-1,MIS-MEM-031,prop_to_mis,misconception_refutation,approve,,LiaoRanran,2026-09-19T23:29:26,80,用户授权批量通过：命题->MIS对称边，对应MIS->命题边已人审approve，evidence为原子卡命题文本（含标准引用+实测数据），对称关系100%成立
ae-ATOM-MEM-LEAK-001::prop-2->MIS-MEM-027,ATOM-MEM-LEAK-001::prop-2,MIS-MEM-027,prop_to_mis,misconception_refutation,approve,,LiaoRanran,2026-09-19T23:29:26,80,用户授权批量通过：命题->MIS对称边，对应MIS->命题边已人审approve，evidence为原子卡命题文本（含标准引用+实测数据），对称关系100%成立
ae-ATOM-MEM-LEAK-001::prop-2->MIS-MEM-031,ATOM-MEM-LEAK-001::prop-2,MIS-MEM-031,prop_to_mis,misconception_refutation,approve,,LiaoRanran,2026-09-19T23:29:26,80,用户授权批量通过：命题->MIS对称边，对应MIS->命题边已人审approve，evidence为原子卡命题文本（含标准引用+实测数据），对称关系100%成立
ae-ATOM-MEM-LEAK-001::prop-3->MIS-MEM-027,ATOM-MEM-LEAK-001::prop-3,MIS-MEM-027,prop_to_mis,misconception_refutation,approve,,LiaoRanran,2026-09-19T23:29:26,80,用户授权批量通过：命题->MIS对称边，对应MIS->命题边已人审approve，evidence为原子卡命题文本（含标准引用+实测数据），对称关系100%成立
ae-ATOM-MEM-LEAK-001::prop-3->MIS-MEM-031,ATOM-MEM-LEAK-001::prop-3,MIS-MEM-031,prop_to_mis,misconception_refutation,approve,,LiaoRanran,2026-09-19T23:29:26,80,用户授权批量通过：命题->MIS对称边，对应MIS->命题边已人审approve，evidence为原子卡命题文本（含标准引用+实测数据），对称关系100%成立
ae-ATOM-MEM-LEAK-002::prop-1->MIS-MEM-031,ATOM-MEM-LEAK-002::prop-1,MIS-MEM-031,prop_to_mis,misconception_refutation,approve,,LiaoRanran,2026-09-19T23:29:26,80,用户授权批量通过：命题->MIS对称边，对应MIS->命题边已人审approve，evidence为原子卡命题文本（含标准引用+实测数据），对称关系100%成立
ae-ATOM-MEM-LEAK-002::prop-2->MIS-MEM-031,ATOM-MEM-LEAK-002::prop-2,MIS-MEM-031,prop_to_mis,misconception_refutation,approve,,LiaoRanran,2026-09-19T23:29:26,80,用户授权批量通过：命题->MIS对称边，对应MIS->命题边已人审approve，evidence为原子卡命题文本（含标准引用+实测数据），对称关系100%成立
ae-ATOM-MEM-LEAK-002::prop-3->MIS-MEM-031,ATOM-MEM-LEAK-002::prop-3,MIS-MEM-031,prop_to_mis,misconception_refutation,approve,,LiaoRanran,2026-09-19T23:29:26,80,用户授权批量通过：命题->MIS对称边，对应MIS->命题边已人审approve，evidence为原子卡命题文本（含标准引用+实测数据），对称关系100%成立
ae-ATOM-MEM-MOVE-002::prop-1->MIS-MEM-002,ATOM-MEM-MOVE-002::prop-1,MIS-MEM-002,prop_to_mis,misconception_refutation,approve,,LiaoRanran,2026-09-19T23:29:26,80,用户授权批量通过：命题->MIS对称边，对应MIS->命题边已人审approve，evidence为原子卡命题文本（含标准引用+实测数据），对称关系100%成立
ae-ATOM-MEM-MOVE-002::prop-1->MIS-MEM-004,ATOM-MEM-MOVE-002::prop-1,MIS-MEM-004,prop_to_mis,misconception_refutation,approve,,LiaoRanran,2026-09-19T23:29:26,80,用户授权批量通过：命题->MIS对称边，对应MIS->命题边已人审approve，evidence为原子卡命题文本（含标准引用+实测数据），对称关系100%成立
ae-ATOM-MEM-MOVE-002::prop-1->MIS-MEM-005,ATOM-MEM-MOVE-002::prop-1,MIS-MEM-005,prop_to_mis,misconception_refutation,approve,,LiaoRanran,2026-09-19T23:29:26,80,用户授权批量通过：命题->MIS对称边，对应MIS->命题边已人审approve，evidence为原子卡命题文本（含标准引用+实测数据），对称关系100%成立
ae-ATOM-MEM-MOVE-002::prop-1->MIS-MEM-012,ATOM-MEM-MOVE-002::prop-1,MIS-MEM-012,prop_to_mis,misconception_refutation,approve,,LiaoRanran,2026-09-19T23:29:26,80,用户授权批量通过：命题->MIS对称边，对应MIS->命题边已人审approve，evidence为原子卡命题文本（含标准引用+实测数据），对称关系100%成立
ae-ATOM-MEM-MOVE-002::prop-1->MIS-MEM-017,ATOM-MEM-MOVE-002::prop-1,MIS-MEM-017,prop_to_mis,misconception_refutation,approve,,LiaoRanran,2026-09-19T23:29:26,80,用户授权批量通过：命题->MIS对称边，对应MIS->命题边已人审approve，evidence为原子卡命题文本（含标准引用+实测数据），对称关系100%成立
ae-ATOM-MEM-MOVE-002::prop-1->MIS-MEM-019,ATOM-MEM-MOVE-002::prop-1,MIS-MEM-019,prop_to_mis,misconception_refutation,approve,,LiaoRanran,2026-09-19T23:29:26,80,用户授权批量通过：命题->MIS对称边，对应MIS->命题边已人审approve，evidence为原子卡命题文本（含标准引用+实测数据），对称关系100%成立
ae-ATOM-MEM-MOVE-002::prop-2->MIS-MEM-002,ATOM-MEM-MOVE-002::prop-2,MIS-MEM-002,prop_to_mis,misconception_refutation,approve,,LiaoRanran,2026-09-19T23:29:26,80,用户授权批量通过：命题->MIS对称边，对应MIS->命题边已人审approve，evidence为原子卡命题文本（含标准引用+实测数据），对称关系100%成立
ae-ATOM-MEM-MOVE-002::prop-2->MIS-MEM-004,ATOM-MEM-MOVE-002::prop-2,MIS-MEM-004,prop_to_mis,misconception_refutation,approve,,LiaoRanran,2026-09-19T23:29:26,80,用户授权批量通过：命题->MIS对称边，对应MIS->命题边已人审approve，evidence为原子卡命题文本（含标准引用+实测数据），对称关系100%成立
ae-ATOM-MEM-MOVE-002::prop-2->MIS-MEM-005,ATOM-MEM-MOVE-002::prop-2,MIS-MEM-005,prop_to_mis,misconception_refutation,approve,,LiaoRanran,2026-09-19T23:29:26,80,用户授权批量通过：命题->MIS对称边，对应MIS->命题边已人审approve，evidence为原子卡命题文本（含标准引用+实测数据），对称关系100%成立
ae-ATOM-MEM-MOVE-002::prop-2->MIS-MEM-012,ATOM-MEM-MOVE-002::prop-2,MIS-MEM-012,prop_to_mis,misconception_refutation,approve,,LiaoRanran,2026-09-19T23:29:26,80,用户授权批量通过：命题->MIS对称边，对应MIS->命题边已人审approve，evidence为原子卡命题文本（含标准引用+实测数据），对称关系100%成立
ae-ATOM-MEM-MOVE-002::prop-2->MIS-MEM-017,ATOM-MEM-MOVE-002::prop-2,MIS-MEM-017,prop_to_mis,misconception_refutation,approve,,LiaoRanran,2026-09-19T23:29:26,80,用户授权批量通过：命题->MIS对称边，对应MIS->命题边已人审approve，evidence为原子卡命题文本（含标准引用+实测数据），对称关系100%成立
ae-ATOM-MEM-MOVE-002::prop-2->MIS-MEM-019,ATOM-MEM-MOVE-002::prop-2,MIS-MEM-019,prop_to_mis,misconception_refutation,approve,,LiaoRanran,2026-09-19T23:29:26,80,用户授权批量通过：命题->MIS对称边，对应MIS->命题边已人审approve，evidence为原子卡命题文本（含标准引用+实测数据），对称关系100%成立
ae-ATOM-MEM-MOVE-002::prop-3->MIS-MEM-002,ATOM-MEM-MOVE-002::prop-3,MIS-MEM-002,prop_to_mis,misconception_refutation,approve,,LiaoRanran,2026-09-19T23:29:26,80,用户授权批量通过：命题->MIS对称边，对应MIS->命题边已人审approve，evidence为原子卡命题文本（含标准引用+实测数据），对称关系100%成立
ae-ATOM-MEM-MOVE-002::prop-3->MIS-MEM-004,ATOM-MEM-MOVE-002::prop-3,MIS-MEM-004,prop_to_mis,misconception_refutation,approve,,LiaoRanran,2026-09-19T23:29:26,80,用户授权批量通过：命题->MIS对称边，对应MIS->命题边已人审approve，evidence为原子卡命题文本（含标准引用+实测数据），对称关系100%成立
ae-ATOM-MEM-MOVE-002::prop-3->MIS-MEM-005,ATOM-MEM-MOVE-002::prop-3,MIS-MEM-005,prop_to_mis,misconception_refutation,approve,,LiaoRanran,2026-09-19T23:29:26,80,用户授权批量通过：命题->MIS对称边，对应MIS->命题边已人审approve，evidence为原子卡命题文本（含标准引用+实测数据），对称关系100%成立
ae-ATOM-MEM-MOVE-002::prop-3->MIS-MEM-012,ATOM-MEM-MOVE-002::prop-3,MIS-MEM-012,prop_to_mis,misconception_refutation,approve,,LiaoRanran,2026-09-19T23:29:26,80,用户授权批量通过：命题->MIS对称边，对应MIS->命题边已人审approve，evidence为原子卡命题文本（含标准引用+实测数据），对称关系100%成立
ae-ATOM-MEM-MOVE-002::prop-3->MIS-MEM-017,ATOM-MEM-MOVE-002::prop-3,MIS-MEM-017,prop_to_mis,misconception_refutation,approve,,LiaoRanran,2026-09-19T23:29:26,80,用户授权批量通过：命题->MIS对称边，对应MIS->命题边已人审approve，evidence为原子卡命题文本（含标准引用+实测数据），对称关系100%成立
ae-ATOM-MEM-MOVE-002::prop-3->MIS-MEM-019,ATOM-MEM-MOVE-002::prop-3,MIS-MEM-019,prop_to_mis,misconception_refutation,approve,,LiaoRanran,2026-09-19T23:29:26,80,用户授权批量通过：命题->MIS对称边，对应MIS->命题边已人审approve，evidence为原子卡命题文本（含标准引用+实测数据），对称关系100%成立
ae-ATOM-MEM-NEW-001::prop-1->MIS-MEM-021,ATOM-MEM-NEW-001::prop-1,MIS-MEM-021,prop_to_mis,misconception_refutation,approve,,LiaoRanran,2026-09-19T23:29:26,80,用户授权批量通过：命题->MIS对称边，对应MIS->命题边已人审approve，evidence为原子卡命题文本（含标准引用+实测数据），对称关系100%成立
ae-ATOM-MEM-NEW-001::prop-1->MIS-MEM-022,ATOM-MEM-NEW-001::prop-1,MIS-MEM-022,prop_to_mis,misconception_refutation,approve,,LiaoRanran,2026-09-19T23:29:26,80,用户授权批量通过：命题->MIS对称边，对应MIS->命题边已人审approve，evidence为原子卡命题文本（含标准引用+实测数据），对称关系100%成立
ae-ATOM-MEM-NEW-001::prop-1->MIS-MEM-025,ATOM-MEM-NEW-001::prop-1,MIS-MEM-025,prop_to_mis,misconception_refutation,approve,,LiaoRanran,2026-09-19T23:29:26,80,用户授权批量通过：命题->MIS对称边，对应MIS->命题边已人审approve，evidence为原子卡命题文本（含标准引用+实测数据），对称关系100%成立
ae-ATOM-MEM-NEW-001::prop-2->MIS-MEM-021,ATOM-MEM-NEW-001::prop-2,MIS-MEM-021,prop_to_mis,misconception_refutation,approve,,LiaoRanran,2026-09-19T23:29:26,80,用户授权批量通过：命题->MIS对称边，对应MIS->命题边已人审approve，evidence为原子卡命题文本（含标准引用+实测数据），对称关系100%成立
ae-ATOM-MEM-NEW-001::prop-2->MIS-MEM-022,ATOM-MEM-NEW-001::prop-2,MIS-MEM-022,prop_to_mis,misconception_refutation,approve,,LiaoRanran,2026-09-19T23:29:26,80,用户授权批量通过：命题->MIS对称边，对应MIS->命题边已人审approve，evidence为原子卡命题文本（含标准引用+实测数据），对称关系100%成立
ae-ATOM-MEM-NEW-001::prop-2->MIS-MEM-025,ATOM-MEM-NEW-001::prop-2,MIS-MEM-025,prop_to_mis,misconception_refutation,approve,,LiaoRanran,2026-09-19T23:29:26,80,用户授权批量通过：命题->MIS对称边，对应MIS->命题边已人审approve，evidence为原子卡命题文本（含标准引用+实测数据），对称关系100%成立
ae-ATOM-MEM-NEW-001::prop-3->MIS-MEM-021,ATOM-MEM-NEW-001::prop-3,MIS-MEM-021,prop_to_mis,misconception_refutation,approve,,LiaoRanran,2026-09-19T23:29:26,80,用户授权批量通过：命题->MIS对称边，对应MIS->命题边已人审approve，evidence为原子卡命题文本（含标准引用+实测数据），对称关系100%成立
ae-ATOM-MEM-NEW-001::prop-3->MIS-MEM-022,ATOM-MEM-NEW-001::prop-3,MIS-MEM-022,prop_to_mis,misconception_refutation,approve,,LiaoRanran,2026-09-19T23:29:26,80,用户授权批量通过：命题->MIS对称边，对应MIS->命题边已人审approve，evidence为原子卡命题文本（含标准引用+实测数据），对称关系100%成立
ae-ATOM-MEM-NEW-001::prop-3->MIS-MEM-025,ATOM-MEM-NEW-001::prop-3,MIS-MEM-025,prop_to_mis,misconception_refutation,approve,,LiaoRanran,2026-09-19T23:29:26,80,用户授权批量通过：命题->MIS对称边，对应MIS->命题边已人审approve，evidence为原子卡命题文本（含标准引用+实测数据），对称关系100%成立
ae-ATOM-MEM-PERF-001::prop-1->MIS-MEM-029,ATOM-MEM-PERF-001::prop-1,MIS-MEM-029,prop_to_mis,misconception_refutation,approve,,LiaoRanran,2026-09-19T23:29:26,80,用户授权批量通过：命题->MIS对称边，对应MIS->命题边已人审approve，evidence为原子卡命题文本（含标准引用+实测数据），对称关系100%成立
ae-ATOM-MEM-PERF-001::prop-2->MIS-MEM-029,ATOM-MEM-PERF-001::prop-2,MIS-MEM-029,prop_to_mis,misconception_refutation,approve,,LiaoRanran,2026-09-19T23:29:26,80,用户授权批量通过：命题->MIS对称边，对应MIS->命题边已人审approve，evidence为原子卡命题文本（含标准引用+实测数据），对称关系100%成立
ae-ATOM-MEM-PERF-002::prop-1->MIS-MEM-022,ATOM-MEM-PERF-002::prop-1,MIS-MEM-022,prop_to_mis,misconception_refutation,approve,,LiaoRanran,2026-09-19T23:29:26,80,用户授权批量通过：命题->MIS对称边，对应MIS->命题边已人审approve，evidence为原子卡命题文本（含标准引用+实测数据），对称关系100%成立
ae-ATOM-MEM-PERF-002::prop-1->MIS-MEM-023,ATOM-MEM-PERF-002::prop-1,MIS-MEM-023,prop_to_mis,misconception_refutation,approve,,LiaoRanran,2026-09-19T23:29:26,80,用户授权批量通过：命题->MIS对称边，对应MIS->命题边已人审approve，evidence为原子卡命题文本（含标准引用+实测数据），对称关系100%成立
ae-ATOM-MEM-PERF-002::prop-1->MIS-MEM-028,ATOM-MEM-PERF-002::prop-1,MIS-MEM-028,prop_to_mis,misconception_refutation,approve,,LiaoRanran,2026-09-19T23:29:26,80,用户授权批量通过：命题->MIS对称边，对应MIS->命题边已人审approve，evidence为原子卡命题文本（含标准引用+实测数据），对称关系100%成立
ae-ATOM-MEM-PERF-002::prop-2->MIS-MEM-022,ATOM-MEM-PERF-002::prop-2,MIS-MEM-022,prop_to_mis,misconception_refutation,approve,,LiaoRanran,2026-09-19T23:29:26,80,用户授权批量通过：命题->MIS对称边，对应MIS->命题边已人审approve，evidence为原子卡命题文本（含标准引用+实测数据），对称关系100%成立
ae-ATOM-MEM-PERF-002::prop-2->MIS-MEM-023,ATOM-MEM-PERF-002::prop-2,MIS-MEM-023,prop_to_mis,misconception_refutation,approve,,LiaoRanran,2026-09-19T23:29:26,80,用户授权批量通过：命题->MIS对称边，对应MIS->命题边已人审approve，evidence为原子卡命题文本（含标准引用+实测数据），对称关系100%成立
ae-ATOM-MEM-PERF-002::prop-2->MIS-MEM-028,ATOM-MEM-PERF-002::prop-2,MIS-MEM-028,prop_to_mis,misconception_refutation,approve,,LiaoRanran,2026-09-19T23:29:26,80,用户授权批量通过：命题->MIS对称边，对应MIS->命题边已人审approve，evidence为原子卡命题文本（含标准引用+实测数据），对称关系100%成立
ae-ATOM-MEM-PERF-003::prop-1->MIS-MEM-028,ATOM-MEM-PERF-003::prop-1,MIS-MEM-028,prop_to_mis,misconception_refutation,approve,,LiaoRanran,2026-09-19T23:29:26,80,用户授权批量通过：命题->MIS对称边，对应MIS->命题边已人审approve，evidence为原子卡命题文本（含标准引用+实测数据），对称关系100%成立
ae-ATOM-MEM-PERF-003::prop-1->MIS-MEM-029,ATOM-MEM-PERF-003::prop-1,MIS-MEM-029,prop_to_mis,misconception_refutation,approve,,LiaoRanran,2026-09-19T23:29:26,80,用户授权批量通过：命题->MIS对称边，对应MIS->命题边已人审approve，evidence为原子卡命题文本（含标准引用+实测数据），对称关系100%成立
ae-ATOM-MEM-PERF-003::prop-1->MIS-MEM-032,ATOM-MEM-PERF-003::prop-1,MIS-MEM-032,prop_to_mis,misconception_refutation,approve,,LiaoRanran,2026-09-19T23:29:26,80,用户授权批量通过：命题->MIS对称边，对应MIS->命题边已人审approve，evidence为原子卡命题文本（含标准引用+实测数据），对称关系100%成立
ae-ATOM-MEM-PERF-003::prop-2->MIS-MEM-028,ATOM-MEM-PERF-003::prop-2,MIS-MEM-028,prop_to_mis,misconception_refutation,approve,,LiaoRanran,2026-09-19T23:29:26,80,用户授权批量通过：命题->MIS对称边，对应MIS->命题边已人审approve，evidence为原子卡命题文本（含标准引用+实测数据），对称关系100%成立
ae-ATOM-MEM-PERF-003::prop-2->MIS-MEM-029,ATOM-MEM-PERF-003::prop-2,MIS-MEM-029,prop_to_mis,misconception_refutation,approve,,LiaoRanran,2026-09-19T23:29:26,80,用户授权批量通过：命题->MIS对称边，对应MIS->命题边已人审approve，evidence为原子卡命题文本（含标准引用+实测数据），对称关系100%成立
ae-ATOM-MEM-PERF-003::prop-2->MIS-MEM-032,ATOM-MEM-PERF-003::prop-2,MIS-MEM-032,prop_to_mis,misconception_refutation,approve,,LiaoRanran,2026-09-19T23:29:26,80,用户授权批量通过：命题->MIS对称边，对应MIS->命题边已人审approve，evidence为原子卡命题文本（含标准引用+实测数据），对称关系100%成立
ae-ATOM-MEM-PERF-003::prop-3->MIS-MEM-028,ATOM-MEM-PERF-003::prop-3,MIS-MEM-028,prop_to_mis,misconception_refutation,approve,,LiaoRanran,2026-09-19T23:29:26,80,用户授权批量通过：命题->MIS对称边，对应MIS->命题边已人审approve，evidence为原子卡命题文本（含标准引用+实测数据），对称关系100%成立
ae-ATOM-MEM-PERF-003::prop-3->MIS-MEM-029,ATOM-MEM-PERF-003::prop-3,MIS-MEM-029,prop_to_mis,misconception_refutation,approve,,LiaoRanran,2026-09-19T23:29:26,80,用户授权批量通过：命题->MIS对称边，对应MIS->命题边已人审approve，evidence为原子卡命题文本（含标准引用+实测数据），对称关系100%成立
ae-ATOM-MEM-PERF-003::prop-3->MIS-MEM-032,ATOM-MEM-PERF-003::prop-3,MIS-MEM-032,prop_to_mis,misconception_refutation,approve,,LiaoRanran,2026-09-19T23:29:26,80,用户授权批量通过：命题->MIS对称边，对应MIS->命题边已人审approve，evidence为原子卡命题文本（含标准引用+实测数据），对称关系100%成立
ae-ATOM-MEM-PERF-004::prop-1->MIS-MEM-032,ATOM-MEM-PERF-004::prop-1,MIS-MEM-032,prop_to_mis,misconception_refutation,approve,,LiaoRanran,2026-09-19T23:29:26,80,用户授权批量通过：命题->MIS对称边，对应MIS->命题边已人审approve，evidence为原子卡命题文本（含标准引用+实测数据），对称关系100%成立
ae-ATOM-MEM-PERF-004::prop-2->MIS-MEM-032,ATOM-MEM-PERF-004::prop-2,MIS-MEM-032,prop_to_mis,misconception_refutation,approve,,LiaoRanran,2026-09-19T23:29:26,80,用户授权批量通过：命题->MIS对称边，对应MIS->命题边已人审approve，evidence为原子卡命题文本（含标准引用+实测数据），对称关系100%成立
ae-ATOM-MEM-PERF-004::prop-3->MIS-MEM-032,ATOM-MEM-PERF-004::prop-3,MIS-MEM-032,prop_to_mis,misconception_refutation,approve,,LiaoRanran,2026-09-19T23:29:26,80,用户授权批量通过：命题->MIS对称边，对应MIS->命题边已人审approve，evidence为原子卡命题文本（含标准引用+实测数据），对称关系100%成立
ae-ATOM-MEM-RAII-001::prop-1->MIS-MEM-013,ATOM-MEM-RAII-001::prop-1,MIS-MEM-013,prop_to_mis,misconception_refutation,approve,,LiaoRanran,2026-09-19T23:29:26,80,用户授权批量通过：命题->MIS对称边，对应MIS->命题边已人审approve，evidence为原子卡命题文本（含标准引用+实测数据），对称关系100%成立
ae-ATOM-MEM-RAII-001::prop-1->MIS-MEM-014,ATOM-MEM-RAII-001::prop-1,MIS-MEM-014,prop_to_mis,misconception_refutation,approve,,LiaoRanran,2026-09-19T23:29:26,80,用户授权批量通过：命题->MIS对称边，对应MIS->命题边已人审approve，evidence为原子卡命题文本（含标准引用+实测数据），对称关系100%成立
ae-ATOM-MEM-RAII-001::prop-2->MIS-MEM-013,ATOM-MEM-RAII-001::prop-2,MIS-MEM-013,prop_to_mis,misconception_refutation,approve,,LiaoRanran,2026-09-19T23:29:26,80,用户授权批量通过：命题->MIS对称边，对应MIS->命题边已人审approve，evidence为原子卡命题文本（含标准引用+实测数据），对称关系100%成立
ae-ATOM-MEM-RAII-001::prop-2->MIS-MEM-014,ATOM-MEM-RAII-001::prop-2,MIS-MEM-014,prop_to_mis,misconception_refutation,approve,,LiaoRanran,2026-09-19T23:29:26,80,用户授权批量通过：命题->MIS对称边，对应MIS->命题边已人审approve，evidence为原子卡命题文本（含标准引用+实测数据），对称关系100%成立
ae-ATOM-MEM-RAII-001::prop-3->MIS-MEM-013,ATOM-MEM-RAII-001::prop-3,MIS-MEM-013,prop_to_mis,misconception_refutation,approve,,LiaoRanran,2026-09-19T23:29:26,80,用户授权批量通过：命题->MIS对称边，对应MIS->命题边已人审approve，evidence为原子卡命题文本（含标准引用+实测数据），对称关系100%成立
ae-ATOM-MEM-RAII-001::prop-3->MIS-MEM-014,ATOM-MEM-RAII-001::prop-3,MIS-MEM-014,prop_to_mis,misconception_refutation,approve,,LiaoRanran,2026-09-19T23:29:26,80,用户授权批量通过：命题->MIS对称边，对应MIS->命题边已人审approve，evidence为原子卡命题文本（含标准引用+实测数据），对称关系100%成立
ae-ATOM-MEM-RAII-002::prop-1->MIS-MEM-019,ATOM-MEM-RAII-002::prop-1,MIS-MEM-019,prop_to_mis,misconception_refutation,approve,,LiaoRanran,2026-09-19T23:29:26,80,用户授权批量通过：命题->MIS对称边，对应MIS->命题边已人审approve，evidence为原子卡命题文本（含标准引用+实测数据），对称关系100%成立
ae-ATOM-MEM-RAII-002::prop-1->MIS-MEM-020,ATOM-MEM-RAII-002::prop-1,MIS-MEM-020,prop_to_mis,misconception_refutation,approve,,LiaoRanran,2026-09-19T23:29:26,80,用户授权批量通过：命题->MIS对称边，对应MIS->命题边已人审approve，evidence为原子卡命题文本（含标准引用+实测数据），对称关系100%成立
ae-ATOM-MEM-RAII-002::prop-2->MIS-MEM-019,ATOM-MEM-RAII-002::prop-2,MIS-MEM-019,prop_to_mis,misconception_refutation,approve,,LiaoRanran,2026-09-19T23:29:26,80,用户授权批量通过：命题->MIS对称边，对应MIS->命题边已人审approve，evidence为原子卡命题文本（含标准引用+实测数据），对称关系100%成立
ae-ATOM-MEM-RAII-002::prop-2->MIS-MEM-020,ATOM-MEM-RAII-002::prop-2,MIS-MEM-020,prop_to_mis,misconception_refutation,approve,,LiaoRanran,2026-09-19T23:29:26,80,用户授权批量通过：命题->MIS对称边，对应MIS->命题边已人审approve，evidence为原子卡命题文本（含标准引用+实测数据），对称关系100%成立
ae-ATOM-MEM-RAII-002::prop-3->MIS-MEM-019,ATOM-MEM-RAII-002::prop-3,MIS-MEM-019,prop_to_mis,misconception_refutation,approve,,LiaoRanran,2026-09-19T23:29:26,80,用户授权批量通过：命题->MIS对称边，对应MIS->命题边已人审approve，evidence为原子卡命题文本（含标准引用+实测数据），对称关系100%成立
ae-ATOM-MEM-RAII-002::prop-3->MIS-MEM-020,ATOM-MEM-RAII-002::prop-3,MIS-MEM-020,prop_to_mis,misconception_refutation,approve,,LiaoRanran,2026-09-19T23:29:26,80,用户授权批量通过：命题->MIS对称边，对应MIS->命题边已人审approve，evidence为原子卡命题文本（含标准引用+实测数据），对称关系100%成立
ae-ATOM-MEM-RAII-002::prop-4->MIS-MEM-019,ATOM-MEM-RAII-002::prop-4,MIS-MEM-019,prop_to_mis,misconception_refutation,approve,,LiaoRanran,2026-09-19T23:29:26,80,用户授权批量通过：命题->MIS对称边，对应MIS->命题边已人审approve，evidence为原子卡命题文本（含标准引用+实测数据），对称关系100%成立
ae-ATOM-MEM-RAII-002::prop-4->MIS-MEM-020,ATOM-MEM-RAII-002::prop-4,MIS-MEM-020,prop_to_mis,misconception_refutation,approve,,LiaoRanran,2026-09-19T23:29:26,80,用户授权批量通过：命题->MIS对称边，对应MIS->命题边已人审approve，evidence为原子卡命题文本（含标准引用+实测数据），对称关系100%成立
ae-ATOM-MEM-RVREF-001::prop-1->MIS-MEM-005,ATOM-MEM-RVREF-001::prop-1,MIS-MEM-005,prop_to_mis,misconception_refutation,approve,,LiaoRanran,2026-09-19T23:29:26,80,用户授权批量通过：命题->MIS对称边，对应MIS->命题边已人审approve，evidence为原子卡命题文本（含标准引用+实测数据），对称关系100%成立
ae-ATOM-MEM-RVREF-001::prop-2->MIS-MEM-005,ATOM-MEM-RVREF-001::prop-2,MIS-MEM-005,prop_to_mis,misconception_refutation,approve,,LiaoRanran,2026-09-19T23:29:26,80,用户授权批量通过：命题->MIS对称边，对应MIS->命题边已人审approve，evidence为原子卡命题文本（含标准引用+实测数据），对称关系100%成立
ae-ATOM-MEM-RVREF-001::prop-3->MIS-MEM-005,ATOM-MEM-RVREF-001::prop-3,MIS-MEM-005,prop_to_mis,misconception_refutation,approve,,LiaoRanran,2026-09-19T23:29:26,80,用户授权批量通过：命题->MIS对称边，对应MIS->命题边已人审approve，evidence为原子卡命题文本（含标准引用+实测数据），对称关系100%成立
ae-ATOM-MEM-SHARED-001::prop-1->MIS-MEM-016,ATOM-MEM-SHARED-001::prop-1,MIS-MEM-016,prop_to_mis,misconception_refutation,approve,,LiaoRanran,2026-09-19T23:29:26,80,用户授权批量通过：命题->MIS对称边，对应MIS->命题边已人审approve，evidence为原子卡命题文本（含标准引用+实测数据），对称关系100%成立
ae-ATOM-MEM-SHARED-001::prop-1->MIS-MEM-024,ATOM-MEM-SHARED-001::prop-1,MIS-MEM-024,prop_to_mis,misconception_refutation,approve,,LiaoRanran,2026-09-19T23:29:26,80,用户授权批量通过：命题->MIS对称边，对应MIS->命题边已人审approve，evidence为原子卡命题文本（含标准引用+实测数据），对称关系100%成立
ae-ATOM-MEM-SHARED-001::prop-1->MIS-MEM-026,ATOM-MEM-SHARED-001::prop-1,MIS-MEM-026,prop_to_mis,misconception_refutation,approve,,LiaoRanran,2026-09-19T23:29:26,80,用户授权批量通过：命题->MIS对称边，对应MIS->命题边已人审approve，evidence为原子卡命题文本（含标准引用+实测数据），对称关系100%成立
ae-ATOM-MEM-SHARED-001::prop-1->MIS-MEM-027,ATOM-MEM-SHARED-001::prop-1,MIS-MEM-027,prop_to_mis,misconception_refutation,approve,,LiaoRanran,2026-09-19T23:29:26,80,用户授权批量通过：命题->MIS对称边，对应MIS->命题边已人审approve，evidence为原子卡命题文本（含标准引用+实测数据），对称关系100%成立
ae-ATOM-MEM-SHARED-001::prop-1->MIS-MEM-031,ATOM-MEM-SHARED-001::prop-1,MIS-MEM-031,prop_to_mis,misconception_refutation,approve,,LiaoRanran,2026-09-19T23:29:26,80,用户授权批量通过：命题->MIS对称边，对应MIS->命题边已人审approve，evidence为原子卡命题文本（含标准引用+实测数据），对称关系100%成立
ae-ATOM-MEM-SHARED-001::prop-2->MIS-MEM-016,ATOM-MEM-SHARED-001::prop-2,MIS-MEM-016,prop_to_mis,misconception_refutation,approve,,LiaoRanran,2026-09-19T23:29:26,80,用户授权批量通过：命题->MIS对称边，对应MIS->命题边已人审approve，evidence为原子卡命题文本（含标准引用+实测数据），对称关系100%成立
ae-ATOM-MEM-SHARED-001::prop-2->MIS-MEM-024,ATOM-MEM-SHARED-001::prop-2,MIS-MEM-024,prop_to_mis,misconception_refutation,approve,,LiaoRanran,2026-09-19T23:29:26,80,用户授权批量通过：命题->MIS对称边，对应MIS->命题边已人审approve，evidence为原子卡命题文本（含标准引用+实测数据），对称关系100%成立
ae-ATOM-MEM-SHARED-001::prop-2->MIS-MEM-026,ATOM-MEM-SHARED-001::prop-2,MIS-MEM-026,prop_to_mis,misconception_refutation,approve,,LiaoRanran,2026-09-19T23:29:26,80,用户授权批量通过：命题->MIS对称边，对应MIS->命题边已人审approve，evidence为原子卡命题文本（含标准引用+实测数据），对称关系100%成立
ae-ATOM-MEM-SHARED-001::prop-2->MIS-MEM-027,ATOM-MEM-SHARED-001::prop-2,MIS-MEM-027,prop_to_mis,misconception_refutation,approve,,LiaoRanran,2026-09-19T23:29:26,80,用户授权批量通过：命题->MIS对称边，对应MIS->命题边已人审approve，evidence为原子卡命题文本（含标准引用+实测数据），对称关系100%成立
ae-ATOM-MEM-SHARED-001::prop-2->MIS-MEM-031,ATOM-MEM-SHARED-001::prop-2,MIS-MEM-031,prop_to_mis,misconception_refutation,approve,,LiaoRanran,2026-09-19T23:29:26,80,用户授权批量通过：命题->MIS对称边，对应MIS->命题边已人审approve，evidence为原子卡命题文本（含标准引用+实测数据），对称关系100%成立
ae-ATOM-MEM-SHARED-001::prop-3->MIS-MEM-016,ATOM-MEM-SHARED-001::prop-3,MIS-MEM-016,prop_to_mis,misconception_refutation,approve,,LiaoRanran,2026-09-19T23:29:26,80,用户授权批量通过：命题->MIS对称边，对应MIS->命题边已人审approve，evidence为原子卡命题文本（含标准引用+实测数据），对称关系100%成立
ae-ATOM-MEM-SHARED-001::prop-3->MIS-MEM-024,ATOM-MEM-SHARED-001::prop-3,MIS-MEM-024,prop_to_mis,misconception_refutation,approve,,LiaoRanran,2026-09-19T23:29:26,80,用户授权批量通过：命题->MIS对称边，对应MIS->命题边已人审approve，evidence为原子卡命题文本（含标准引用+实测数据），对称关系100%成立
ae-ATOM-MEM-SHARED-001::prop-3->MIS-MEM-026,ATOM-MEM-SHARED-001::prop-3,MIS-MEM-026,prop_to_mis,misconception_refutation,approve,,LiaoRanran,2026-09-19T23:29:26,80,用户授权批量通过：命题->MIS对称边，对应MIS->命题边已人审approve，evidence为原子卡命题文本（含标准引用+实测数据），对称关系100%成立
ae-ATOM-MEM-SHARED-001::prop-3->MIS-MEM-027,ATOM-MEM-SHARED-001::prop-3,MIS-MEM-027,prop_to_mis,misconception_refutation,approve,,LiaoRanran,2026-09-19T23:29:26,80,用户授权批量通过：命题->MIS对称边，对应MIS->命题边已人审approve，evidence为原子卡命题文本（含标准引用+实测数据），对称关系100%成立
ae-ATOM-MEM-SHARED-001::prop-3->MIS-MEM-031,ATOM-MEM-SHARED-001::prop-3,MIS-MEM-031,prop_to_mis,misconception_refutation,approve,,LiaoRanran,2026-09-19T23:29:26,80,用户授权批量通过：命题->MIS对称边，对应MIS->命题边已人审approve，evidence为原子卡命题文本（含标准引用+实测数据），对称关系100%成立
ae-ATOM-MEM-SHARED-002::prop-1->MIS-MEM-026,ATOM-MEM-SHARED-002::prop-1,MIS-MEM-026,prop_to_mis,misconception_refutation,approve,,LiaoRanran,2026-09-19T23:29:26,80,用户授权批量通过：命题->MIS对称边，对应MIS->命题边已人审approve，evidence为原子卡命题文本（含标准引用+实测数据），对称关系100%成立
ae-ATOM-MEM-SHARED-002::prop-2->MIS-MEM-026,ATOM-MEM-SHARED-002::prop-2,MIS-MEM-026,prop_to_mis,misconception_refutation,approve,,LiaoRanran,2026-09-19T23:29:26,80,用户授权批量通过：命题->MIS对称边，对应MIS->命题边已人审approve，evidence为原子卡命题文本（含标准引用+实测数据），对称关系100%成立
ae-ATOM-MEM-SHARED-002::prop-3->MIS-MEM-026,ATOM-MEM-SHARED-002::prop-3,MIS-MEM-026,prop_to_mis,misconception_refutation,approve,,LiaoRanran,2026-09-19T23:29:26,80,用户授权批量通过：命题->MIS对称边，对应MIS->命题边已人审approve，evidence为原子卡命题文本（含标准引用+实测数据），对称关系100%成立
ae-ATOM-MEM-UNIQUE-001::prop-1->MIS-MEM-020,ATOM-MEM-UNIQUE-001::prop-1,MIS-MEM-020,prop_to_mis,misconception_refutation,approve,,LiaoRanran,2026-09-19T23:29:26,80,用户授权批量通过：命题->MIS对称边，对应MIS->命题边已人审approve，evidence为原子卡命题文本（含标准引用+实测数据），对称关系100%成立
ae-ATOM-MEM-UNIQUE-001::prop-1->MIS-MEM-024,ATOM-MEM-UNIQUE-001::prop-1,MIS-MEM-024,prop_to_mis,misconception_refutation,approve,,LiaoRanran,2026-09-19T23:29:26,80,用户授权批量通过：命题->MIS对称边，对应MIS->命题边已人审approve，evidence为原子卡命题文本（含标准引用+实测数据），对称关系100%成立
ae-ATOM-MEM-UNIQUE-001::prop-2->MIS-MEM-020,ATOM-MEM-UNIQUE-001::prop-2,MIS-MEM-020,prop_to_mis,misconception_refutation,approve,,LiaoRanran,2026-09-19T23:29:26,80,用户授权批量通过：命题->MIS对称边，对应MIS->命题边已人审approve，evidence为原子卡命题文本（含标准引用+实测数据），对称关系100%成立
ae-ATOM-MEM-UNIQUE-001::prop-2->MIS-MEM-024,ATOM-MEM-UNIQUE-001::prop-2,MIS-MEM-024,prop_to_mis,misconception_refutation,approve,,LiaoRanran,2026-09-19T23:29:26,80,用户授权批量通过：命题->MIS对称边，对应MIS->命题边已人审approve，evidence为原子卡命题文本（含标准引用+实测数据），对称关系100%成立
ae-ATOM-MEM-UNIQUE-001::prop-3->MIS-MEM-020,ATOM-MEM-UNIQUE-001::prop-3,MIS-MEM-020,prop_to_mis,misconception_refutation,approve,,LiaoRanran,2026-09-19T23:29:26,80,用户授权批量通过：命题->MIS对称边，对应MIS->命题边已人审approve，evidence为原子卡命题文本（含标准引用+实测数据），对称关系100%成立
ae-ATOM-MEM-UNIQUE-001::prop-3->MIS-MEM-024,ATOM-MEM-UNIQUE-001::prop-3,MIS-MEM-024,prop_to_mis,misconception_refutation,approve,,LiaoRanran,2026-09-19T23:29:26,80,用户授权批量通过：命题->MIS对称边，对应MIS->命题边已人审approve，evidence为原子卡命题文本（含标准引用+实测数据），对称关系100%成立
ae-ATOM-MEM-UNIQUE-002::prop-1->MIS-MEM-024,ATOM-MEM-UNIQUE-002::prop-1,MIS-MEM-024,prop_to_mis,misconception_refutation,approve,,LiaoRanran,2026-09-19T23:29:26,80,用户授权批量通过：命题->MIS对称边，对应MIS->命题边已人审approve，evidence为原子卡命题文本（含标准引用+实测数据），对称关系100%成立
ae-ATOM-MEM-UNIQUE-002::prop-1->MIS-MEM-025,ATOM-MEM-UNIQUE-002::prop-1,MIS-MEM-025,prop_to_mis,misconception_refutation,approve,,LiaoRanran,2026-09-19T23:29:26,80,用户授权批量通过：命题->MIS对称边，对应MIS->命题边已人审approve，evidence为原子卡命题文本（含标准引用+实测数据），对称关系100%成立
ae-ATOM-MEM-UNIQUE-002::prop-2->MIS-MEM-024,ATOM-MEM-UNIQUE-002::prop-2,MIS-MEM-024,prop_to_mis,misconception_refutation,approve,,LiaoRanran,2026-09-19T23:29:26,80,用户授权批量通过：命题->MIS对称边，对应MIS->命题边已人审approve，evidence为原子卡命题文本（含标准引用+实测数据），对称关系100%成立
ae-ATOM-MEM-UNIQUE-002::prop-2->MIS-MEM-025,ATOM-MEM-UNIQUE-002::prop-2,MIS-MEM-025,prop_to_mis,misconception_refutation,approve,,LiaoRanran,2026-09-19T23:29:26,80,用户授权批量通过：命题->MIS对称边，对应MIS->命题边已人审approve，evidence为原子卡命题文本（含标准引用+实测数据），对称关系100%成立
ae-ATOM-MEM-UNIQUE-002::prop-3->MIS-MEM-024,ATOM-MEM-UNIQUE-002::prop-3,MIS-MEM-024,prop_to_mis,misconception_refutation,approve,,LiaoRanran,2026-09-19T23:29:26,80,用户授权批量通过：命题->MIS对称边，对应MIS->命题边已人审approve，evidence为原子卡命题文本（含标准引用+实测数据），对称关系100%成立
ae-ATOM-MEM-UNIQUE-002::prop-3->MIS-MEM-025,ATOM-MEM-UNIQUE-002::prop-3,MIS-MEM-025,prop_to_mis,misconception_refutation,approve,,LiaoRanran,2026-09-19T23:29:26,80,用户授权批量通过：命题->MIS对称边，对应MIS->命题边已人审approve，evidence为原子卡命题文本（含标准引用+实测数据），对称关系100%成立
ae-ATOM-MEM-VALUE-001::prop-1->MIS-MEM-018,ATOM-MEM-VALUE-001::prop-1,MIS-MEM-018,prop_to_mis,misconception_refutation,approve,,LiaoRanran,2026-09-19T23:29:26,80,用户授权批量通过：命题->MIS对称边，对应MIS->命题边已人审approve，evidence为原子卡命题文本（含标准引用+实测数据），对称关系100%成立
ae-ATOM-MEM-VALUE-001::prop-2->MIS-MEM-018,ATOM-MEM-VALUE-001::prop-2,MIS-MEM-018,prop_to_mis,misconception_refutation,approve,,LiaoRanran,2026-09-19T23:29:26,80,用户授权批量通过：命题->MIS对称边，对应MIS->命题边已人审approve，evidence为原子卡命题文本（含标准引用+实测数据），对称关系100%成立
ae-ATOM-MEM-VALUE-001::prop-3->MIS-MEM-018,ATOM-MEM-VALUE-001::prop-3,MIS-MEM-018,prop_to_mis,misconception_refutation,approve,,LiaoRanran,2026-09-19T23:29:26,80,用户授权批量通过：命题->MIS对称边，对应MIS->命题边已人审approve，evidence为原子卡命题文本（含标准引用+实测数据），对称关系100%成立
ae-ATOM-MEM-VALUE-002::prop-1->MIS-MEM-017,ATOM-MEM-VALUE-002::prop-1,MIS-MEM-017,prop_to_mis,misconception_refutation,approve,,LiaoRanran,2026-09-19T23:29:26,80,用户授权批量通过：命题->MIS对称边，对应MIS->命题边已人审approve，evidence为原子卡命题文本（含标准引用+实测数据），对称关系100%成立
ae-ATOM-MEM-VALUE-002::prop-1->MIS-MEM-018,ATOM-MEM-VALUE-002::prop-1,MIS-MEM-018,prop_to_mis,misconception_refutation,approve,,LiaoRanran,2026-09-19T23:29:26,80,用户授权批量通过：命题->MIS对称边，对应MIS->命题边已人审approve，evidence为原子卡命题文本（含标准引用+实测数据），对称关系100%成立
ae-ATOM-MEM-VALUE-002::prop-2->MIS-MEM-017,ATOM-MEM-VALUE-002::prop-2,MIS-MEM-017,prop_to_mis,misconception_refutation,approve,,LiaoRanran,2026-09-19T23:29:26,80,用户授权批量通过：命题->MIS对称边，对应MIS->命题边已人审approve，evidence为原子卡命题文本（含标准引用+实测数据），对称关系100%成立
ae-ATOM-MEM-VALUE-002::prop-2->MIS-MEM-018,ATOM-MEM-VALUE-002::prop-2,MIS-MEM-018,prop_to_mis,misconception_refutation,approve,,LiaoRanran,2026-09-19T23:29:26,80,用户授权批量通过：命题->MIS对称边，对应MIS->命题边已人审approve，evidence为原子卡命题文本（含标准引用+实测数据），对称关系100%成立
ae-ATOM-MEM-VALUE-002::prop-3->MIS-MEM-017,ATOM-MEM-VALUE-002::prop-3,MIS-MEM-017,prop_to_mis,misconception_refutation,approve,,LiaoRanran,2026-09-19T23:29:26,80,用户授权批量通过：命题->MIS对称边，对应MIS->命题边已人审approve，evidence为原子卡命题文本（含标准引用+实测数据），对称关系100%成立
ae-ATOM-MEM-VALUE-002::prop-3->MIS-MEM-018,ATOM-MEM-VALUE-002::prop-3,MIS-MEM-018,prop_to_mis,misconception_refutation,approve,,LiaoRanran,2026-09-19T23:29:26,80,用户授权批量通过：命题->MIS对称边，对应MIS->命题边已人审approve，evidence为原子卡命题文本（含标准引用+实测数据），对称关系100%成立
ae-ATOM-MEM-WEAK-001::prop-1->MIS-MEM-016,ATOM-MEM-WEAK-001::prop-1,MIS-MEM-016,prop_to_mis,misconception_refutation,approve,,LiaoRanran,2026-09-19T23:29:26,80,用户授权批量通过：命题->MIS对称边，对应MIS->命题边已人审approve，evidence为原子卡命题文本（含标准引用+实测数据），对称关系100%成立
ae-ATOM-MEM-WEAK-001::prop-1->MIS-MEM-026,ATOM-MEM-WEAK-001::prop-1,MIS-MEM-026,prop_to_mis,misconception_refutation,approve,,LiaoRanran,2026-09-19T23:29:26,80,用户授权批量通过：命题->MIS对称边，对应MIS->命题边已人审approve，evidence为原子卡命题文本（含标准引用+实测数据），对称关系100%成立
ae-ATOM-MEM-WEAK-001::prop-1->MIS-MEM-027,ATOM-MEM-WEAK-001::prop-1,MIS-MEM-027,prop_to_mis,misconception_refutation,approve,,LiaoRanran,2026-09-19T23:29:26,80,用户授权批量通过：命题->MIS对称边，对应MIS->命题边已人审approve，evidence为原子卡命题文本（含标准引用+实测数据），对称关系100%成立
ae-ATOM-MEM-WEAK-001::prop-1->MIS-MEM-031,ATOM-MEM-WEAK-001::prop-1,MIS-MEM-031,prop_to_mis,misconception_refutation,approve,,LiaoRanran,2026-09-19T23:29:26,80,用户授权批量通过：命题->MIS对称边，对应MIS->命题边已人审approve，evidence为原子卡命题文本（含标准引用+实测数据），对称关系100%成立
ae-ATOM-MEM-WEAK-001::prop-2->MIS-MEM-016,ATOM-MEM-WEAK-001::prop-2,MIS-MEM-016,prop_to_mis,misconception_refutation,approve,,LiaoRanran,2026-09-19T23:29:26,80,用户授权批量通过：命题->MIS对称边，对应MIS->命题边已人审approve，evidence为原子卡命题文本（含标准引用+实测数据），对称关系100%成立
ae-ATOM-MEM-WEAK-001::prop-2->MIS-MEM-026,ATOM-MEM-WEAK-001::prop-2,MIS-MEM-026,prop_to_mis,misconception_refutation,approve,,LiaoRanran,2026-09-19T23:29:26,80,用户授权批量通过：命题->MIS对称边，对应MIS->命题边已人审approve，evidence为原子卡命题文本（含标准引用+实测数据），对称关系100%成立
ae-ATOM-MEM-WEAK-001::prop-2->MIS-MEM-027,ATOM-MEM-WEAK-001::prop-2,MIS-MEM-027,prop_to_mis,misconception_refutation,approve,,LiaoRanran,2026-09-19T23:29:26,80,用户授权批量通过：命题->MIS对称边，对应MIS->命题边已人审approve，evidence为原子卡命题文本（含标准引用+实测数据），对称关系100%成立
ae-ATOM-MEM-WEAK-001::prop-2->MIS-MEM-031,ATOM-MEM-WEAK-001::prop-2,MIS-MEM-031,prop_to_mis,misconception_refutation,approve,,LiaoRanran,2026-09-19T23:29:26,80,用户授权批量通过：命题->MIS对称边，对应MIS->命题边已人审approve，evidence为原子卡命题文本（含标准引用+实测数据），对称关系100%成立
ae-ATOM-MEM-WEAK-001::prop-3->MIS-MEM-016,ATOM-MEM-WEAK-001::prop-3,MIS-MEM-016,prop_to_mis,misconception_refutation,approve,,LiaoRanran,2026-09-19T23:29:26,80,用户授权批量通过：命题->MIS对称边，对应MIS->命题边已人审approve，evidence为原子卡命题文本（含标准引用+实测数据），对称关系100%成立
ae-ATOM-MEM-WEAK-001::prop-3->MIS-MEM-026,ATOM-MEM-WEAK-001::prop-3,MIS-MEM-026,prop_to_mis,misconception_refutation,approve,,LiaoRanran,2026-09-19T23:29:26,80,用户授权批量通过：命题->MIS对称边，对应MIS->命题边已人审approve，evidence为原子卡命题文本（含标准引用+实测数据），对称关系100%成立
ae-ATOM-MEM-WEAK-001::prop-3->MIS-MEM-027,ATOM-MEM-WEAK-001::prop-3,MIS-MEM-027,prop_to_mis,misconception_refutation,approve,,LiaoRanran,2026-09-19T23:29:26,80,用户授权批量通过：命题->MIS对称边，对应MIS->命题边已人审approve，evidence为原子卡命题文本（含标准引用+实测数据），对称关系100%成立
ae-ATOM-MEM-WEAK-001::prop-3->MIS-MEM-031,ATOM-MEM-WEAK-001::prop-3,MIS-MEM-031,prop_to_mis,misconception_refutation,approve,,LiaoRanran,2026-09-19T23:29:26,80,用户授权批量通过：命题->MIS对称边，对应MIS->命题边已人审approve，evidence为原子卡命题文本（含标准引用+实测数据），对称关系100%成立
ae-ATOM-UB-GRAY-001::prop-1->MIS-CONC-001,ATOM-UB-GRAY-001::prop-1,MIS-CONC-001,prop_to_mis,misconception_refutation,approve,,LiaoRanran,2026-09-19T23:29:26,80,用户授权批量通过：命题->MIS对称边，对应MIS->命题边已人审approve，evidence为原子卡命题文本（含标准引用+实测数据），对称关系100%成立
ae-ATOM-UB-GRAY-001::prop-1->MIS-UB-002,ATOM-UB-GRAY-001::prop-1,MIS-UB-002,prop_to_mis,misconception_refutation,approve,,LiaoRanran,2026-09-19T23:29:26,80,用户授权批量通过：命题->MIS对称边，对应MIS->命题边已人审approve，evidence为原子卡命题文本（含标准引用+实测数据），对称关系100%成立
ae-ATOM-UB-GRAY-001::prop-1->MIS-UB-003,ATOM-UB-GRAY-001::prop-1,MIS-UB-003,prop_to_mis,misconception_refutation,approve,,LiaoRanran,2026-09-19T23:29:26,80,用户授权批量通过：命题->MIS对称边，对应MIS->命题边已人审approve，evidence为原子卡命题文本（含标准引用+实测数据），对称关系100%成立
ae-ATOM-UB-GRAY-001::prop-1->MIS-UB-012,ATOM-UB-GRAY-001::prop-1,MIS-UB-012,prop_to_mis,misconception_refutation,approve,,LiaoRanran,2026-09-19T23:29:26,80,用户授权批量通过：命题->MIS对称边，对应MIS->命题边已人审approve，evidence为原子卡命题文本（含标准引用+实测数据），对称关系100%成立
ae-ATOM-UB-GRAY-001::prop-1->MIS-UB-013,ATOM-UB-GRAY-001::prop-1,MIS-UB-013,prop_to_mis,misconception_refutation,approve,,LiaoRanran,2026-09-19T23:29:26,80,用户授权批量通过：命题->MIS对称边，对应MIS->命题边已人审approve，evidence为原子卡命题文本（含标准引用+实测数据），对称关系100%成立
ae-ATOM-UB-GRAY-001::prop-1->MIS-UB-015,ATOM-UB-GRAY-001::prop-1,MIS-UB-015,prop_to_mis,misconception_refutation,approve,,LiaoRanran,2026-09-19T23:29:26,80,用户授权批量通过：命题->MIS对称边，对应MIS->命题边已人审approve，evidence为原子卡命题文本（含标准引用+实测数据），对称关系100%成立
ae-ATOM-UB-GRAY-001::prop-2->MIS-CONC-001,ATOM-UB-GRAY-001::prop-2,MIS-CONC-001,prop_to_mis,misconception_refutation,approve,,LiaoRanran,2026-09-19T23:29:26,80,用户授权批量通过：命题->MIS对称边，对应MIS->命题边已人审approve，evidence为原子卡命题文本（含标准引用+实测数据），对称关系100%成立
ae-ATOM-UB-GRAY-001::prop-2->MIS-UB-002,ATOM-UB-GRAY-001::prop-2,MIS-UB-002,prop_to_mis,misconception_refutation,approve,,LiaoRanran,2026-09-19T23:29:26,80,用户授权批量通过：命题->MIS对称边，对应MIS->命题边已人审approve，evidence为原子卡命题文本（含标准引用+实测数据），对称关系100%成立
ae-ATOM-UB-GRAY-001::prop-2->MIS-UB-003,ATOM-UB-GRAY-001::prop-2,MIS-UB-003,prop_to_mis,misconception_refutation,approve,,LiaoRanran,2026-09-19T23:29:26,80,用户授权批量通过：命题->MIS对称边，对应MIS->命题边已人审approve，evidence为原子卡命题文本（含标准引用+实测数据），对称关系100%成立
ae-ATOM-UB-GRAY-001::prop-2->MIS-UB-012,ATOM-UB-GRAY-001::prop-2,MIS-UB-012,prop_to_mis,misconception_refutation,approve,,LiaoRanran,2026-09-19T23:29:26,80,用户授权批量通过：命题->MIS对称边，对应MIS->命题边已人审approve，evidence为原子卡命题文本（含标准引用+实测数据），对称关系100%成立
ae-ATOM-UB-GRAY-001::prop-2->MIS-UB-013,ATOM-UB-GRAY-001::prop-2,MIS-UB-013,prop_to_mis,misconception_refutation,approve,,LiaoRanran,2026-09-19T23:29:26,80,用户授权批量通过：命题->MIS对称边，对应MIS->命题边已人审approve，evidence为原子卡命题文本（含标准引用+实测数据），对称关系100%成立
ae-ATOM-UB-GRAY-001::prop-2->MIS-UB-015,ATOM-UB-GRAY-001::prop-2,MIS-UB-015,prop_to_mis,misconception_refutation,approve,,LiaoRanran,2026-09-19T23:29:26,80,用户授权批量通过：命题->MIS对称边，对应MIS->命题边已人审approve，evidence为原子卡命题文本（含标准引用+实测数据），对称关系100%成立
ae-ATOM-LANG-INLINE-001::prop-1->MIS-LANG-001,ATOM-LANG-INLINE-001::prop-1,MIS-LANG-001,prop_to_mis,misconception_refutation,modify,medium,LiaoRanran,2026-09-19T23:29:26,75,用户授权批量通过：命题->MIS对称边，对应MIS->命题边已人审modify，evidence为原子卡命题文本，对称关系成立，可信度设为medium
ae-ATOM-LANG-INLINE-001::prop-2->MIS-LANG-001,ATOM-LANG-INLINE-001::prop-2,MIS-LANG-001,prop_to_mis,misconception_refutation,modify,medium,LiaoRanran,2026-09-19T23:29:26,75,用户授权批量通过：命题->MIS对称边，对应MIS->命题边已人审modify，evidence为原子卡命题文本，对称关系成立，可信度设为medium
ae-ATOM-LANG-INLINE-001::prop-3->MIS-LANG-001,ATOM-LANG-INLINE-001::prop-3,MIS-LANG-001,prop_to_mis,misconception_refutation,modify,medium,LiaoRanran,2026-09-19T23:29:26,75,用户授权批量通过：命题->MIS对称边，对应MIS->命题边已人审modify，evidence为原子卡命题文本，对称关系成立，可信度设为medium
ae-ATOM-MEM-MOVE-002::prop-1->MIS-MEM-001,ATOM-MEM-MOVE-002::prop-1,MIS-MEM-001,prop_to_mis,misconception_refutation,modify,medium,LiaoRanran,2026-09-19T23:29:26,75,用户授权批量通过：命题->MIS对称边，对应MIS->命题边已人审modify，evidence为原子卡命题文本，对称关系成立，可信度设为medium
ae-ATOM-MEM-MOVE-002::prop-1->MIS-MEM-003,ATOM-MEM-MOVE-002::prop-1,MIS-MEM-003,prop_to_mis,misconception_refutation,modify,medium,LiaoRanran,2026-09-19T23:29:26,75,用户授权批量通过：命题->MIS对称边，对应MIS->命题边已人审modify，evidence为原子卡命题文本，对称关系成立，可信度设为medium
ae-ATOM-MEM-MOVE-002::prop-2->MIS-MEM-001,ATOM-MEM-MOVE-002::prop-2,MIS-MEM-001,prop_to_mis,misconception_refutation,modify,medium,LiaoRanran,2026-09-19T23:29:26,75,用户授权批量通过：命题->MIS对称边，对应MIS->命题边已人审modify，evidence为原子卡命题文本，对称关系成立，可信度设为medium
ae-ATOM-MEM-MOVE-002::prop-2->MIS-MEM-003,ATOM-MEM-MOVE-002::prop-2,MIS-MEM-003,prop_to_mis,misconception_refutation,modify,medium,LiaoRanran,2026-09-19T23:29:26,75,用户授权批量通过：命题->MIS对称边，对应MIS->命题边已人审modify，evidence为原子卡命题文本，对称关系成立，可信度设为medium
ae-ATOM-MEM-MOVE-002::prop-3->MIS-MEM-001,ATOM-MEM-MOVE-002::prop-3,MIS-MEM-001,prop_to_mis,misconception_refutation,modify,medium,LiaoRanran,2026-09-19T23:29:26,75,用户授权批量通过：命题->MIS对称边，对应MIS->命题边已人审modify，evidence为原子卡命题文本，对称关系成立，可信度设为medium
ae-ATOM-MEM-MOVE-002::prop-3->MIS-MEM-003,ATOM-MEM-MOVE-002::prop-3,MIS-MEM-003,prop_to_mis,misconception_refutation,modify,medium,LiaoRanran,2026-09-19T23:29:26,75,用户授权批量通过：命题->MIS对称边，对应MIS->命题边已人审modify，evidence为原子卡命题文本，对称关系成立，可信度设为medium
ae-ATOM-UB-GRAY-001::prop-1->MIS-UB-001,ATOM-UB-GRAY-001::prop-1,MIS-UB-001,prop_to_mis,misconception_refutation,modify,medium,LiaoRanran,2026-09-19T23:29:26,75,用户授权批量通过：命题->MIS对称边，对应MIS->命题边已人审modify，evidence为原子卡命题文本，对称关系成立，可信度设为medium
ae-ATOM-UB-GRAY-001::prop-1->MIS-UB-004,ATOM-UB-GRAY-001::prop-1,MIS-UB-004,prop_to_mis,misconception_refutation,modify,medium,LiaoRanran,2026-09-19T23:29:26,75,用户授权批量通过：命题->MIS对称边，对应MIS->命题边已人审modify，evidence为原子卡命题文本，对称关系成立，可信度设为medium
ae-ATOM-UB-GRAY-001::prop-1->MIS-UB-008,ATOM-UB-GRAY-001::prop-1,MIS-UB-008,prop_to_mis,misconception_refutation,modify,medium,LiaoRanran,2026-09-19T23:29:26,75,用户授权批量通过：命题->MIS对称边，对应MIS->命题边已人审modify，evidence为原子卡命题文本，对称关系成立，可信度设为medium
ae-ATOM-UB-GRAY-001::prop-1->MIS-UB-014,ATOM-UB-GRAY-001::prop-1,MIS-UB-014,prop_to_mis,misconception_refutation,modify,medium,LiaoRanran,2026-09-19T23:29:26,75,用户授权批量通过：命题->MIS对称边，对应MIS->命题边已人审modify，evidence为原子卡命题文本，对称关系成立，可信度设为medium
ae-ATOM-UB-GRAY-001::prop-2->MIS-UB-001,ATOM-UB-GRAY-001::prop-2,MIS-UB-001,prop_to_mis,misconception_refutation,modify,medium,LiaoRanran,2026-09-19T23:29:26,75,用户授权批量通过：命题->MIS对称边，对应MIS->命题边已人审modify，evidence为原子卡命题文本，对称关系成立，可信度设为medium
ae-ATOM-UB-GRAY-001::prop-2->MIS-UB-004,ATOM-UB-GRAY-001::prop-2,MIS-UB-004,prop_to_mis,misconception_refutation,modify,medium,LiaoRanran,2026-09-19T23:29:26,75,用户授权批量通过：命题->MIS对称边，对应MIS->命题边已人审modify，evidence为原子卡命题文本，对称关系成立，可信度设为medium
ae-ATOM-UB-GRAY-001::prop-2->MIS-UB-008,ATOM-UB-GRAY-001::prop-2,MIS-UB-008,prop_to_mis,misconception_refutation,modify,medium,LiaoRanran,2026-09-19T23:29:26,75,用户授权批量通过：命题->MIS对称边，对应MIS->命题边已人审modify，evidence为原子卡命题文本，对称关系成立，可信度设为medium
ae-ATOM-UB-GRAY-001::prop-2->MIS-UB-014,ATOM-UB-GRAY-001::prop-2,MIS-UB-014,prop_to_mis,misconception_refutation,modify,medium,LiaoRanran,2026-09-19T23:29:26,75,用户授权批量通过：命题->MIS对称边，对应MIS->命题边已人审modify，evidence为原子卡命题文本，对称关系成立，可信度设为medium
